customer_id,age,income,number_of_transactions,treatment,conversion
1,56,47805,3,0,0
2,69,59950,2,0,0
3,46,42292,4,0,0
4,32,58409,3,1,0
5,60,32712,7,0,0
6,25,47181,2,1,0
7,38,56331,0,1,1
8,56,53793,2,1,1
9,36,17891,3,0,0
10,40,41220,2,1,0
11,28,83549,3,0,0
12,28,40151,3,1,0
13,41,50316,1,0,0
14,53,48265,4,0,0
15,57,81365,4,1,0
16,41,75807,4,0,0
17,20,66151,3,1,0
18,39,30535,2,1,1
19,19,57184,2,0,0
20,41,61359,2,0,0
21,61,36028,0,0,0
22,47,32590,4,0,0
23,55,84100,2,1,0
24,19,43984,4,0,0
25,38,82300,2,0,0
26,50,69942,7,1,1
27,29,58158,5,1,0
28,39,59051,3,0,0
29,61,21992,1,0,0
30,42,54135,4,1,0
31,66,78340,1,1,1
32,44,63627,2,0,1
33,59,53087,2,0,0
34,45,84239,4,1,0
35,33,46299,5,0,0
36,32,37609,2,0,0
37,64,53077,2,1,1
38,68,65329,2,0,1
39,61,15644,3,1,0
40,69,55697,4,0,0
41,20,66207,1,1,0
42,54,44607,4,1,0
43,68,72139,5,1,0
44,24,62824,1,1,0
45,38,92828,2,0,0
46,26,34988,3,0,0
47,56,66614,1,1,0
48,35,29654,3,1,0
49,21,17693,4,0,0
50,42,9289,4,1,0
51,31,60766,3,1,0
52,67,53685,5,0,0
53,26,40419,1,0,0
54,43,14530,4,0,0
55,19,36192,2,0,0
56,37,50082,1,1,0
57,45,65863,4,0,0
58,64,49669,3,1,1
59,24,55041,2,1,0
60,61,42477,2,0,0
61,25,84984,1,0,0
62,64,29635,2,1,0
63,52,36015,4,1,0
64,31,40153,4,0,0
65,34,60854,6,0,0
66,53,29223,1,0,0
67,67,52714,4,0,0
68,57,53298,0,0,0
69,21,36113,2,0,0
70,19,56600,2,0,0
71,23,29844,2,1,0
72,59,27659,1,1,0
73,21,51992,3,0,0
74,46,16805,5,1,0
75,35,7104,1,1,0
76,43,60657,2,0,0
77,61,70979,5,1,1
78,51,40664,2,0,0
79,27,36639,2,1,0
80,53,70111,4,0,0
81,31,27089,2,0,0
82,48,22733,2,0,0
83,65,64153,3,1,0
84,32,50181,4,0,0
85,25,71298,4,0,0
86,31,7195,4,0,0
87,40,21987,5,0,0
88,57,50287,2,0,0
89,38,58353,0,1,0
90,33,66940,3,0,0
91,62,53496,3,0,0
92,35,53293,2,0,0
93,64,42212,3,0,0
94,41,81818,5,0,0
95,43,27940,1,1,0
96,42,57180,2,0,0
97,62,30244,4,0,1
98,58,60696,2,0,0
99,46,29260,0,0,0
100,32,64876,5,0,0
101,62,52242,0,0,0
102,18,84893,2,1,0
103,42,44380,3,0,0
104,24,58499,2,0,0
105,26,34407,6,0,0
106,41,44242,5,0,0
107,18,52115,3,0,0
108,61,19456,4,0,0
109,25,21648,5,1,0
110,41,61997,2,1,0
111,28,47078,2,0,0
112,68,38141,4,0,1
113,34,35260,4,0,0
114,25,36030,7,0,0
115,52,52251,6,1,0
116,52,58901,4,0,0
117,50,8158,3,0,0
118,22,78257,5,1,0
119,59,76834,2,0,0
120,56,3387,6,0,0
121,58,71719,2,1,1
122,45,71104,6,1,0
123,24,50009,3,1,0
124,26,24057,2,1,0
125,25,70305,5,0,0
126,29,45175,3,1,1
127,51,60978,2,0,1
128,50,94384,2,1,1
129,65,55037,1,0,0
130,40,31662,4,1,0
131,41,43285,2,0,0
132,54,34211,3,0,0
133,52,58670,2,0,0
134,61,33879,3,0,0
135,57,40543,2,0,0
136,39,24311,0,0,0
137,44,47358,2,1,0
138,52,53535,3,0,0
139,18,-3696,1,1,0
140,52,55191,2,0,0
141,54,49086,3,0,0
142,64,34700,1,0,0
143,31,90573,4,1,0
144,20,69170,1,1,0
145,18,28072,5,1,0
146,22,66765,1,1,0
147,43,74890,1,1,0
148,31,52640,5,1,0
149,56,57229,0,0,1
150,44,56767,2,0,0
151,26,8284,2,0,0
152,32,46263,4,0,0
153,32,45222,2,0,0
154,43,78603,4,0,0
155,59,56675,5,0,0
156,30,44048,2,1,0
157,68,48198,3,0,0
158,49,70468,4,0,0
159,56,46308,5,1,1
160,66,36036,2,0,0
161,69,44486,4,1,0
162,49,68814,4,1,1
163,21,59923,2,0,0
164,47,50885,3,1,0
165,54,53831,0,1,0
166,40,38805,7,1,0
167,56,46121,0,0,0
168,62,36734,0,1,0
169,32,44104,1,0,0
170,60,76924,1,1,0
171,46,28443,0,0,0
172,53,36226,1,0,0
173,30,24914,5,1,0
174,49,20582,0,1,0
175,24,46265,6,1,0
176,68,37648,3,0,0
177,39,85234,4,1,0
178,45,44343,0,1,0
179,19,75788,7,1,0
180,59,69360,4,1,1
181,62,45821,0,1,0
182,23,92203,2,0,0
183,45,55371,8,0,0
184,45,80260,3,0,0
185,61,77932,2,0,0
186,61,58293,3,0,0
187,37,65023,4,0,0
188,47,62481,1,0,0
189,28,27115,5,0,0
190,45,51146,1,0,0
191,42,71485,5,0,0
192,56,80524,2,1,0
193,50,35587,1,1,0
194,18,60577,0,1,0
195,44,53017,2,0,0
196,69,47643,1,1,0
197,30,57120,2,0,0
198,58,54360,0,0,0
199,20,60828,3,0,0
200,56,78834,6,1,0
201,23,65683,2,0,0
202,25,56212,0,0,0
203,44,87293,2,0,1
204,26,72199,1,0,0
205,54,48152,6,0,0
206,50,25658,4,1,0
207,68,30243,1,0,0
208,59,68665,2,0,1
209,61,37394,5,0,0
210,41,29839,2,0,0
211,32,34838,3,0,0
212,49,36252,2,0,0
213,49,67013,1,0,0
214,41,46865,5,1,0
215,58,22553,3,1,0
216,69,50621,3,1,1
217,66,54445,2,0,0
218,66,40413,5,1,0
219,69,73118,2,0,0
220,29,41581,2,0,0
221,56,72167,2,0,0
222,19,61936,0,1,0
223,20,68532,3,1,0
224,66,28029,5,1,0
225,54,51966,2,1,0
226,66,48943,2,0,0
227,34,21560,4,0,0
228,66,72101,5,0,1
229,19,33652,4,0,0
230,19,37809,2,0,0
231,45,29734,2,1,0
232,40,64024,2,0,0
233,54,19481,2,1,0
234,49,62357,2,0,0
235,50,70890,3,0,0
236,18,60744,5,1,0
237,36,64253,3,0,0
238,19,65191,3,1,0
239,61,31012,5,0,1
240,43,78695,4,0,0
241,49,40798,1,0,0
242,23,48672,2,1,0
243,49,43347,1,1,0
244,21,59831,5,0,0
245,28,39239,0,0,0
246,34,51338,5,0,0
247,55,25293,4,1,0
248,41,73293,3,0,0
249,22,63415,3,0,1
250,69,44155,3,1,0
251,51,40617,1,0,1
252,23,62893,1,1,0
253,39,35854,2,1,0
254,28,52507,3,1,0
255,65,73228,3,0,0
256,33,33775,3,0,0
257,50,57372,4,0,0
258,26,56315,5,1,1
259,23,48053,2,1,1
260,33,39924,2,0,0
261,46,74296,3,0,0
262,20,38049,2,0,0
263,37,13759,4,1,0
264,53,62811,5,0,1
265,36,25974,4,0,0
266,43,63838,4,0,0
267,20,76698,5,0,1
268,36,62595,2,0,0
269,37,71428,5,0,0
270,49,90401,1,0,0
271,24,69335,2,0,0
272,69,56611,3,1,0
273,58,82679,3,0,1
274,50,85096,3,0,1
275,57,85375,2,1,0
276,56,40157,5,0,0
277,35,22920,3,0,0
278,57,38936,2,0,1
279,18,64073,3,0,0
280,28,53183,6,0,0
281,45,45870,8,0,0
282,42,61210,3,0,1
283,67,20584,0,0,0
284,40,52823,5,0,0
285,48,72369,3,0,1
286,47,60986,4,0,0
287,59,63836,3,1,1
288,52,81947,2,0,0
289,24,48677,3,1,0
290,33,36938,1,0,0
291,43,73790,3,0,0
292,65,73422,0,0,1
293,69,61166,1,0,0
294,66,46793,3,1,0
295,19,50028,1,1,0
296,18,24465,0,0,0
297,65,72259,0,0,0
298,29,71553,4,1,0
299,22,23766,3,1,0
300,54,67353,4,0,0
301,49,58082,7,1,0
302,26,29561,3,0,0
303,58,25880,1,0,0
304,52,57470,3,0,1
305,36,42046,3,1,0
306,65,86399,2,1,0
307,33,69052,7,0,1
308,20,59474,2,0,0
309,37,60462,4,1,0
310,41,76617,3,1,0
311,50,66930,2,1,0
312,41,59995,0,0,0
313,69,30395,7,0,0
314,28,111239,5,1,1
315,66,27936,5,0,0
316,25,43749,1,0,0
317,53,16905,4,0,0
318,55,60776,4,0,0
319,57,53022,2,0,0
320,37,65306,1,0,0
321,52,15219,4,0,0
322,65,72258,5,0,0
323,42,33851,5,0,0
324,52,47020,2,1,0
325,42,68631,6,1,0
326,46,55225,3,0,0
327,35,56639,4,1,0
328,63,65984,4,0,0
329,35,58576,2,1,0
330,19,43178,10,0,1
331,52,46671,4,0,0
332,33,54238,3,0,0
333,58,32089,0,1,0
334,53,69920,2,0,0
335,50,55773,2,1,0
336,21,51496,1,1,0
337,50,73850,4,1,0
338,31,47598,4,0,0
339,38,46352,2,0,0
340,65,40307,3,0,1
341,37,56861,6,0,1
342,25,56169,2,0,0
343,24,36674,2,0,0
344,20,46446,4,0,1
345,34,36808,5,0,0
346,50,35903,2,0,0
347,65,15402,2,1,0
348,29,45382,4,1,1
349,68,15956,3,1,0
350,39,40744,4,1,0
351,39,37746,3,0,0
352,63,71038,2,0,1
353,47,29701,5,0,0
354,55,34776,0,1,0
355,55,42370,4,0,0
356,62,38397,3,0,0
357,68,77385,1,1,0
358,25,27229,4,0,0
359,44,42412,4,0,0
360,44,56641,3,1,0
361,51,67624,0,0,1
362,38,42395,3,1,0
363,47,11638,5,1,0
364,50,46998,1,0,0
365,45,77041,5,0,0
366,64,55644,2,0,0
367,50,54728,2,0,1
368,22,28740,2,0,0
369,65,26687,3,1,0
370,36,50361,5,0,0
371,21,21472,5,0,1
372,52,65627,2,0,0
373,66,33067,3,0,1
374,34,49507,0,0,0
375,61,12285,4,1,0
376,45,42124,2,0,0
377,47,26283,8,0,0
378,46,3561,5,0,0
379,63,60837,4,0,0
380,23,82823,3,1,0
381,52,72589,3,1,0
382,58,63634,1,1,0
383,54,41718,1,0,0
384,41,66118,3,0,0
385,46,74477,4,1,0
386,66,52736,2,0,0
387,63,26313,2,1,1
388,48,40012,4,0,0
389,52,84054,2,1,0
390,50,48505,3,0,0
391,69,-16495,2,0,0
392,38,20622,1,1,0
393,49,41511,4,0,0
394,40,70717,3,1,0
395,50,44538,2,1,0
396,20,71089,4,1,0
397,35,39477,2,1,0
398,42,10714,3,0,0
399,59,40169,0,0,0
400,48,56899,4,1,0
401,20,55239,4,1,0
402,57,24898,3,1,0
403,63,42976,0,1,0
404,41,103693,0,0,0
405,67,25335,3,1,0
406,49,63214,2,0,0
407,64,8066,3,1,0
408,39,67276,2,1,0
409,40,32153,6,0,0
410,19,58042,4,1,0
411,44,24169,3,1,0
412,59,55817,4,1,1
413,19,31827,6,1,0
414,43,35699,3,1,0
415,34,58840,0,1,0
416,57,41392,0,0,0
417,50,57608,7,0,0
418,26,46183,5,0,0
419,60,51350,2,0,0
420,65,58902,6,0,0
421,56,43000,6,1,0
422,46,30079,2,1,0
423,59,39354,4,1,0
424,43,73903,2,0,0
425,52,52323,1,1,0
426,67,33102,5,1,0
427,42,58031,7,1,0
428,41,59366,0,1,0
429,30,60400,2,0,0
430,24,30443,0,1,0
431,53,36352,4,1,0
432,62,36463,5,1,1
433,37,42787,2,1,0
434,18,60778,1,1,0
435,25,55924,3,1,0
436,63,57504,2,0,0
437,33,77080,3,0,0
438,31,63778,3,1,0
439,29,47164,5,1,0
440,68,26322,4,1,0
441,40,35709,2,1,0
442,32,44766,7,0,0
443,45,66583,3,0,1
444,51,49453,3,1,0
445,19,36876,0,0,0
446,49,35342,6,1,0
447,40,48608,3,1,0
448,39,67800,0,0,0
449,68,81820,6,1,1
450,42,45885,3,0,0
451,39,49105,6,0,0
452,39,25721,1,0,0
453,66,88784,5,0,0
454,69,21980,4,0,1
455,59,73433,4,0,1
456,23,42693,4,1,0
457,32,38013,1,1,0
458,60,27800,1,0,0
459,54,98201,9,0,0
460,50,54430,6,0,0
461,25,50426,4,0,0
462,61,67735,2,1,0
463,61,36983,3,1,0
464,22,50037,4,1,0
465,56,51127,4,0,0
466,21,39757,2,0,0
467,23,73993,1,1,0
468,62,45627,4,0,0
469,49,18937,1,0,0
470,69,43970,4,0,0
471,47,54984,5,0,0
472,64,32130,2,1,0
473,52,33708,4,0,1
474,57,39075,2,1,0
475,69,74425,3,1,0
476,33,40257,4,0,0
477,30,78582,4,0,0
478,67,37701,3,0,0
479,59,56500,5,0,0
480,47,41075,3,0,0
481,36,65082,2,1,0
482,34,27635,1,0,0
483,36,64857,4,0,0
484,45,52277,2,1,0
485,43,37200,4,1,0
486,54,46676,5,1,0
487,43,80677,0,1,1
488,40,52757,2,1,0
489,26,35945,2,1,0
490,29,25906,2,0,0
491,18,60108,1,0,0
492,18,53917,2,0,0
493,64,63900,2,1,0
494,51,20756,7,0,0
495,49,26555,2,1,0
496,65,72938,3,0,0
497,42,56627,1,1,0
498,57,60668,4,0,0
499,62,30746,2,1,0
500,18,30380,3,0,0
501,33,69825,5,0,1
502,56,70768,3,0,0
503,22,28234,3,1,0
504,39,24413,3,1,0
505,46,47828,4,0,0
506,20,34013,6,0,0
507,29,33596,5,0,0
508,43,24972,1,1,0
509,33,40631,4,0,0
510,68,26906,1,0,0
511,54,28092,3,0,0
512,39,55968,4,1,0
513,46,48896,4,1,0
514,31,59698,5,0,0
515,45,17019,3,0,0
516,22,50198,1,1,0
517,64,91513,1,0,0
518,66,42555,4,0,0
519,47,66495,5,0,0
520,63,66320,2,0,0
521,69,67304,4,0,0
522,22,53333,6,0,0
523,29,61322,3,1,0
524,33,63980,3,1,0
525,43,62709,3,1,0
526,43,27652,2,0,0
527,65,15852,4,0,0
528,38,18928,2,1,0
529,56,44597,1,1,0
530,53,61879,2,1,0
531,50,27912,2,0,0
532,47,68479,4,0,0
533,54,39954,4,0,0
534,40,40145,3,1,0
535,27,33278,4,0,0
536,22,12304,4,1,0
537,53,54586,1,0,0
538,51,84253,5,1,1
539,69,48747,4,1,0
540,48,12987,1,1,0
541,27,65607,5,0,0
542,36,17504,4,0,0
543,49,25819,1,1,0
544,18,45233,2,1,0
545,22,52457,4,0,0
546,62,29827,2,1,0
547,21,44454,6,1,0
548,33,64303,4,0,0
549,41,67044,6,0,0
550,33,75029,4,1,0
551,19,88188,4,0,0
552,66,66198,2,1,0
553,45,45665,1,1,0
554,49,67186,3,1,0
555,44,59334,2,0,0
556,37,60127,4,1,0
557,41,53544,5,0,0
558,29,31759,0,1,0
559,67,29438,5,1,0
560,52,48058,3,0,0
561,50,52978,3,0,0
562,50,36411,5,1,0
563,68,58467,0,0,0
564,60,91615,3,0,1
565,54,15113,1,1,0
566,29,61645,2,0,0
567,20,48681,3,1,0
568,18,59013,1,0,0
569,50,41386,1,0,0
570,57,47079,4,1,0
571,27,52590,5,1,0
572,60,43967,5,1,0
573,61,19589,2,0,0
574,46,45322,2,0,0
575,30,21671,3,1,0
576,29,63064,5,0,0
577,48,12689,6,1,0
578,63,70573,3,0,0
579,19,58591,1,0,1
580,68,58668,2,0,0
581,67,6714,2,1,0
582,52,43428,2,0,0
583,40,73071,2,0,0
584,34,39628,2,0,0
585,43,28439,3,1,0
586,25,37267,4,0,0
587,46,48634,3,1,0
588,43,32973,2,0,0
589,27,74676,2,0,0
590,43,48707,5,0,0
591,51,38889,3,0,0
592,68,23973,2,1,0
593,58,59689,1,0,0
594,24,59233,5,1,0
595,21,34156,2,1,0
596,67,5273,2,0,0
597,62,58215,5,1,0
598,28,46264,2,0,0
599,46,56721,3,0,0
600,53,89143,0,0,1
601,42,49463,0,0,0
602,38,39723,1,0,0
603,53,27054,4,0,0
604,27,43752,6,1,1
605,54,53212,3,0,0
606,26,51066,1,1,0
607,41,84469,0,1,0
608,52,59982,0,0,0
609,66,47304,0,1,1
610,52,35869,1,0,0
611,65,55333,3,0,0
612,53,31860,5,0,0
613,35,53597,7,1,1
614,66,59748,0,0,0
615,56,45671,4,1,0
616,49,37394,2,1,0
617,41,6294,2,1,0
618,40,72877,4,0,0
619,49,58066,0,1,0
620,54,58552,3,0,0
621,29,18773,1,1,0
622,66,77597,3,1,1
623,30,40696,6,0,0
624,40,44224,3,1,0
625,42,28614,5,0,1
626,52,14261,2,0,0
627,58,73147,1,0,0
628,47,75732,4,1,0
629,34,46689,7,0,0
630,66,36412,2,0,0
631,37,42459,4,0,0
632,65,43008,4,1,0
633,42,26003,0,0,0
634,39,44155,5,0,0
635,30,53062,7,1,1
636,36,70363,1,0,0
637,66,50285,2,0,0
638,53,18473,3,0,0
639,29,57071,1,1,0
640,58,44881,2,0,0
641,36,77408,2,1,0
642,29,78589,1,0,0
643,26,79289,7,1,0
644,24,38768,0,1,0
645,45,89797,8,1,1
646,31,57019,3,0,0
647,48,82528,3,0,0
648,69,39948,0,1,0
649,36,44028,3,1,0
650,64,55481,1,1,0
651,33,53038,3,0,0
652,22,75096,1,0,0
653,52,45357,1,1,1
654,29,73292,5,0,1
655,42,64645,4,1,0
656,69,45732,9,1,0
657,38,63094,2,1,0
658,53,40535,2,0,0
659,40,97004,2,0,0
660,33,-3287,2,0,0
661,56,63459,4,0,0
662,62,14708,1,0,0
663,59,45487,2,1,0
664,56,48288,2,0,0
665,31,80153,3,0,0
666,48,36157,1,0,0
667,22,76160,1,1,0
668,52,26424,5,0,0
669,40,76933,4,0,1
670,46,40513,7,1,0
671,60,51469,1,0,0
672,28,43272,2,0,0
673,35,75647,5,0,0
674,64,71755,4,0,0
675,29,58870,5,1,0
676,26,26963,4,0,0
677,27,35700,3,0,0
678,61,29428,4,1,0
679,34,5037,6,1,0
680,55,75226,4,1,0
681,24,43444,6,1,0
682,63,43230,2,0,0
683,30,79922,4,1,0
684,57,40480,0,1,0
685,59,33191,3,1,0
686,26,45505,1,0,0
687,67,27347,4,1,1
688,44,56887,2,1,0
689,19,42527,3,1,0
690,22,39855,4,0,0
691,46,38122,5,1,0
692,54,47876,2,0,0
693,55,51670,4,1,1
694,36,39600,5,1,0
695,25,42825,4,1,0
696,65,48370,5,1,0
697,62,46352,1,1,1
698,18,50622,3,1,0
699,39,36467,5,1,0
700,69,70092,1,0,0
701,34,51937,0,1,0
702,24,39923,1,0,0
703,42,56888,2,0,0
704,62,48513,3,0,0
705,21,15323,1,1,0
706,53,56819,2,0,0
707,23,29610,2,1,0
708,48,68689,5,1,0
709,36,45165,1,1,0
710,61,65601,3,0,0
711,56,37396,2,1,0
712,44,51399,4,0,0
713,27,74205,5,1,0
714,43,44620,3,0,0
715,36,38184,3,0,0
716,56,63101,3,0,1
717,20,62713,2,0,0
718,62,39025,3,0,1
719,30,10291,6,0,0
720,67,37800,2,1,1
721,45,63547,1,0,0
722,37,34499,3,0,0
723,45,49781,1,1,0
724,25,36850,4,0,0
725,58,11357,5,1,0
726,56,36490,2,0,0
727,18,63463,3,1,0
728,20,2595,0,1,0
729,30,55043,1,1,0
730,45,26279,7,0,0
731,66,62169,6,1,0
732,42,64286,2,0,0
733,50,46561,2,0,0
734,55,46607,3,0,0
735,23,33873,4,1,0
736,61,23088,3,1,0
737,62,83962,4,0,0
738,49,32699,1,1,0
739,62,81356,4,0,0
740,64,32810,3,0,0
741,38,60504,4,1,0
742,33,27244,4,0,0
743,38,60468,4,0,0
744,28,43488,3,0,0
745,54,43750,0,0,0
746,53,62200,4,0,0
747,52,40617,3,1,0
748,36,21437,6,0,1
749,37,65226,1,0,0
750,35,27082,3,0,0
751,64,60330,3,1,0
752,58,69460,3,0,0
753,66,42490,3,1,0
754,31,73647,2,1,0
755,32,59636,3,0,0
756,48,36083,3,0,0
757,18,78029,3,0,0
758,20,27167,2,1,0
759,33,42466,2,0,0
760,40,45874,2,1,0
761,28,62104,5,1,0
762,29,72309,2,0,0
763,27,71056,6,0,0
764,49,54475,4,1,1
765,33,44395,3,1,0
766,25,13480,3,0,0
767,55,23717,0,0,0
768,29,85333,5,1,0
769,41,13279,2,1,0
770,45,34310,3,0,0
771,25,72892,3,0,0
772,45,54194,4,0,0
773,53,68561,2,0,0
774,43,60857,5,0,0
775,25,79392,1,0,0
776,67,55909,4,0,0
777,45,63269,0,0,0
778,45,35515,6,0,0
779,54,61727,2,0,0
780,58,42077,2,0,0
781,53,40938,1,0,0
782,44,67894,4,0,1
783,34,68032,1,1,1
784,26,83769,4,0,0
785,50,82465,3,0,0
786,37,68346,2,1,0
787,30,15591,3,0,0
788,45,86554,3,0,1
789,65,68359,3,1,0
790,46,34683,1,1,0
791,30,64578,2,0,0
792,63,29255,4,0,0
793,52,62373,2,1,0
794,23,23675,5,1,0
795,35,33836,4,1,0
796,68,64199,4,1,0
797,22,71458,3,1,0
798,64,56509,1,0,0
799,42,44277,0,0,0
800,19,7703,2,0,0
801,27,45820,1,1,0
802,47,60670,1,0,0
803,67,43665,4,1,0
804,62,49548,1,0,0
805,22,46288,3,0,0
806,50,43566,5,0,0
807,18,51518,4,1,0
808,35,44546,5,0,0
809,49,78866,4,0,1
810,64,5872,4,0,0
811,66,39083,2,0,0
812,28,32595,0,0,1
813,38,54382,2,1,0
814,43,51543,5,0,0
815,42,82444,6,1,1
816,39,89023,1,1,1
817,44,34538,0,1,0
818,66,50010,4,0,0
819,30,53926,4,1,0
820,50,34044,5,0,0
821,51,62568,3,0,0
822,58,45210,1,0,0
823,52,28647,5,0,0
824,18,44409,2,0,0
825,38,30047,4,1,0
826,65,70733,1,1,0
827,23,88031,4,0,0
828,45,54896,6,0,0
829,34,52226,1,1,1
830,22,53049,3,0,0
831,48,73645,2,0,0
832,22,73214,2,0,1
833,55,47687,4,0,0
834,20,55052,5,0,0
835,40,63053,1,0,0
836,54,27246,2,0,0
837,54,74252,4,0,1
838,27,84697,4,1,0
839,27,73301,4,0,0
840,36,25088,6,0,0
841,34,10600,3,0,0
842,38,64174,4,1,0
843,31,34796,4,1,1
844,26,55743,1,1,0
845,63,80703,2,1,0
846,18,36861,1,0,0
847,68,42449,2,0,0
848,62,55534,1,1,0
849,30,24050,8,1,0
850,21,34843,2,1,0
851,18,50497,2,0,0
852,66,43991,6,0,1
853,57,62168,2,0,1
854,49,105320,2,1,0
855,51,51983,0,0,0
856,45,33166,1,1,0
857,48,78365,1,1,1
858,25,18224,4,1,0
859,56,22222,2,0,0
860,43,38098,5,1,0
861,51,44342,3,0,0
862,20,37619,3,0,0
863,67,49370,5,1,0
864,29,55495,3,1,0
865,18,71379,3,0,1
866,61,51824,5,0,1
867,22,38761,4,0,0
868,47,70293,1,1,1
869,47,33646,4,1,0
870,34,17348,3,1,0
871,65,74119,1,0,1
872,64,72837,3,0,0
873,40,34154,2,0,0
874,32,42018,3,1,0
875,54,31661,1,0,0
876,38,56532,1,0,0
877,31,84641,2,0,0
878,19,64058,4,0,0
879,28,70714,2,1,0
880,68,66395,2,1,0
881,56,49998,4,1,0
882,55,71667,2,0,0
883,51,64901,3,1,0
884,55,78789,4,1,0
885,67,40809,5,0,0
886,51,15238,3,1,1
887,35,70905,2,1,0
888,47,56995,5,0,0
889,32,44079,4,0,1
890,44,45197,1,1,0
891,68,101094,5,0,1
892,51,37156,2,1,0
893,69,32934,3,0,0
894,55,51706,2,1,0
895,50,73610,10,1,1
896,41,95568,4,0,1
897,32,63147,3,0,1
898,47,24592,4,0,0
899,59,89417,5,0,0
900,68,49611,3,0,0
901,34,33246,1,1,0
902,22,28412,2,1,0
903,46,66727,3,0,1
904,21,54777,2,0,0
905,27,56902,4,0,0
906,34,75730,5,1,0
907,27,33957,0,1,0
908,34,77323,2,1,1
909,37,39617,3,1,0
910,41,93280,4,1,1
911,22,61975,2,0,0
912,51,31595,0,0,0
913,23,9492,2,1,0
914,19,66178,1,1,0
915,30,42516,4,0,0
916,60,46889,1,0,0
917,60,65324,2,0,0
918,65,70208,1,0,1
919,28,74474,4,0,0
920,68,26503,1,0,1
921,64,78518,2,0,1
922,40,38419,4,0,0
923,33,4875,3,1,0
924,48,26431,9,1,0
925,28,54361,1,0,0
926,33,30424,0,0,1
927,25,48239,1,0,0
928,21,56765,2,1,0
929,57,46372,1,0,0
930,21,40113,0,0,0
931,42,24986,5,0,0
932,20,50439,5,0,0
933,49,8701,7,0,0
934,20,36280,2,1,0
935,44,31444,4,1,0
936,46,45212,6,0,0
937,49,45733,3,1,1
938,67,69199,7,0,0
939,68,81670,3,1,0
940,36,27644,4,1,0
941,38,89857,2,1,0
942,22,34414,3,1,0
943,35,53451,2,1,1
944,45,60217,2,1,0
945,59,98892,5,0,1
946,39,39154,2,0,0
947,38,14065,3,0,0
948,23,79808,4,0,0
949,18,33333,1,0,0
950,22,42768,1,0,0
951,58,27645,3,0,0
952,29,42826,3,0,0
953,43,33192,3,0,0
954,63,63529,3,1,0
955,51,51616,1,0,0
956,66,36379,3,0,0
957,31,69917,3,1,0
958,43,55100,0,1,0
959,62,13079,2,1,0
960,44,68394,1,0,0
961,26,53697,3,0,0
962,43,77815,2,1,0
963,64,52478,1,1,0
964,39,34166,3,1,1
965,64,45914,3,0,0
966,47,66078,4,1,0
967,60,34585,1,0,0
968,65,41194,1,0,0
969,34,45566,7,0,0
970,43,27013,1,0,0
971,53,34874,5,0,1
972,18,53451,0,0,0
973,25,74050,7,0,0
974,66,56343,3,0,0
975,52,49083,1,0,0
976,69,33375,4,0,0
977,32,71903,5,0,0
978,64,58670,2,0,1
979,39,35865,1,0,0
980,31,67973,2,1,1
981,43,61192,6,1,1
982,45,33729,1,0,0
983,40,47972,4,1,0
984,31,40145,4,1,0
985,41,102671,2,1,0
986,19,60635,1,0,0
987,62,53735,0,0,0
988,43,59453,2,1,0
989,31,77583,4,1,0
990,68,48332,4,0,0
991,24,38202,3,0,0
992,20,66886,5,1,0
993,64,46501,5,1,0
994,40,28602,2,0,0
995,63,24706,2,0,0
996,60,80586,4,0,0
997,64,52633,1,0,0
998,62,38209,4,0,0
999,35,45313,5,1,0
1000,55,66149,3,1,0
1001,52,44132,3,0,0
1002,68,21012,4,0,0
1003,32,56517,1,0,0
1004,42,74167,3,0,0
1005,54,72829,4,0,0
1006,45,38813,3,0,1
1007,27,75383,1,1,0
1008,56,54259,4,1,0
1009,34,74823,2,0,0
1010,56,61474,4,1,0
1011,39,19568,1,1,0
1012,43,84935,4,0,0
1013,61,51036,2,0,0
1014,42,61536,4,1,1
1015,34,23119,2,0,0
1016,30,60107,7,1,0
1017,37,72059,3,1,0
1018,42,88706,2,0,0
1019,21,78008,2,0,0
1020,27,61084,3,1,0
1021,20,19112,2,1,0
1022,58,52645,0,1,0
1023,62,38150,0,0,0
1024,35,54700,4,0,0
1025,64,25673,3,1,0
1026,53,45797,2,1,0
1027,64,39656,0,0,0
1028,39,39037,3,0,0
1029,51,39235,9,0,0
1030,64,47283,3,1,0
1031,25,55724,5,0,0
1032,57,30,7,0,0
1033,66,2471,4,1,0
1034,61,43226,4,1,0
1035,36,46045,1,0,0
1036,59,53782,2,0,0
1037,58,35447,3,0,0
1038,54,50189,4,0,0
1039,23,52530,2,1,0
1040,69,35309,2,1,0
1041,43,70269,0,0,0
1042,51,53540,2,0,0
1043,62,60939,2,0,0
1044,23,51377,2,1,0
1045,54,92073,4,1,1
1046,50,61928,2,1,0
1047,39,40240,4,0,0
1048,38,66419,3,0,0
1049,23,17248,1,1,0
1050,23,52392,3,1,1
1051,65,56383,6,1,1
1052,21,52620,4,0,0
1053,47,43324,2,0,0
1054,28,29755,6,0,0
1055,47,34213,3,0,0
1056,48,52041,2,1,0
1057,41,27730,5,0,0
1058,26,85403,4,0,1
1059,20,-2818,2,1,0
1060,68,43531,4,0,0
1061,48,52208,2,0,0
1062,57,60148,1,0,0
1063,54,31682,3,0,0
1064,53,72686,2,0,1
1065,41,22123,3,0,0
1066,48,38677,5,1,0
1067,23,62415,3,1,1
1068,19,70804,2,1,0
1069,37,21920,0,0,0
1070,45,102901,2,0,1
1071,28,32050,2,0,0
1072,21,23756,5,0,0
1073,32,60054,1,1,0
1074,23,43034,1,0,0
1075,66,40079,2,0,0
1076,47,61913,2,1,1
1077,55,19454,3,1,0
1078,68,15957,1,0,0
1079,19,38052,2,0,0
1080,32,71558,1,1,0
1081,28,38919,0,0,0
1082,25,81983,4,0,0
1083,43,74020,2,1,0
1084,68,55659,3,1,0
1085,62,56794,4,1,1
1086,61,55640,4,0,1
1087,22,53194,6,0,1
1088,23,42675,3,1,1
1089,43,44996,4,0,0
1090,21,28601,1,1,0
1091,36,5799,4,1,0
1092,37,72081,5,0,0
1093,50,53145,0,1,0
1094,37,50124,1,0,0
1095,66,57969,5,0,0
1096,29,33432,5,1,0
1097,64,29979,5,1,0
1098,18,44326,3,1,0
1099,43,77362,3,0,0
1100,31,26625,5,0,0
1101,55,-2541,4,0,0
1102,54,39572,2,0,0
1103,28,72854,1,1,0
1104,53,15349,3,1,0
1105,30,26394,3,1,0
1106,60,55271,5,0,0
1107,20,101398,5,1,0
1108,50,22836,4,0,0
1109,23,22061,2,0,0
1110,67,56774,1,1,0
1111,27,74093,4,0,1
1112,22,37518,2,0,0
1113,40,17572,2,1,0
1114,27,58675,3,1,0
1115,61,62297,1,0,0
1116,19,85573,3,0,1
1117,30,63139,3,1,0
1118,57,66561,10,0,1
1119,19,44757,2,0,0
1120,37,98830,2,0,0
1121,18,42037,3,1,0
1122,54,37762,9,0,0
1123,26,86190,3,0,0
1124,34,20515,2,1,0
1125,26,13052,2,0,0
1126,28,52391,2,1,0
1127,32,49965,2,0,0
1128,41,45442,2,0,0
1129,55,69879,4,0,0
1130,52,31836,1,0,0
1131,47,51283,0,0,0
1132,48,42798,2,1,0
1133,66,32176,7,0,0
1134,22,48763,2,0,0
1135,61,67052,2,0,1
1136,67,92411,3,1,0
1137,31,61588,3,0,0
1138,28,-217,2,1,0
1139,26,49237,4,1,1
1140,51,50996,5,0,0
1141,29,68724,4,0,0
1142,52,53696,2,1,1
1143,52,75062,5,0,0
1144,18,57833,2,0,0
1145,57,81176,2,1,0
1146,39,41225,4,0,0
1147,46,52887,4,0,0
1148,25,66533,2,0,0
1149,28,38556,6,0,1
1150,58,34200,3,0,1
1151,54,37413,7,1,0
1152,31,35016,1,0,0
1153,47,60451,1,0,0
1154,52,13304,2,1,0
1155,38,18881,0,1,0
1156,54,87255,4,0,0
1157,22,35498,5,0,0
1158,36,54000,2,0,0
1159,31,20217,1,0,0
1160,43,51882,2,0,0
1161,21,35620,9,0,0
1162,42,18738,3,0,0
1163,62,76738,2,0,0
1164,59,73651,6,0,0
1165,42,47853,5,0,0
1166,35,69988,1,0,0
1167,57,88066,1,0,0
1168,25,65082,4,1,1
1169,56,59594,0,1,0
1170,57,53979,1,1,0
1171,31,62990,1,0,0
1172,49,42722,2,0,0
1173,68,44467,6,0,0
1174,55,59018,2,0,0
1175,50,40523,8,0,0
1176,40,42684,2,1,0
1177,32,50004,1,1,0
1178,50,73012,3,0,1
1179,42,27347,2,0,0
1180,34,65184,2,0,0
1181,50,65836,1,1,0
1182,64,65716,4,1,0
1183,19,33865,3,0,0
1184,31,16146,1,0,0
1185,57,61194,2,0,0
1186,57,53751,2,0,0
1187,68,70088,2,1,0
1188,56,35989,4,0,0
1189,68,65202,8,1,1
1190,23,71088,5,1,0
1191,23,48094,2,0,0
1192,20,58339,4,0,0
1193,24,57639,2,0,0
1194,68,33571,3,0,0
1195,25,60622,3,1,0
1196,59,82450,6,1,0
1197,69,50444,7,1,1
1198,32,20782,3,0,0
1199,64,36255,3,1,0
1200,46,14411,2,0,0
1201,50,75805,2,1,1
1202,69,65282,1,0,0
1203,47,39973,4,0,0
1204,56,21639,3,0,1
1205,44,33334,1,1,0
1206,53,37234,4,0,0
1207,46,52188,1,0,0
1208,55,51515,5,0,0
1209,50,76829,4,0,0
1210,54,36145,3,1,0
1211,44,19836,5,0,0
1212,50,26860,0,0,0
1213,21,49540,1,0,0
1214,39,35426,1,0,0
1215,19,44160,4,1,1
1216,27,40919,2,1,0
1217,22,69805,6,1,0
1218,27,38261,1,0,0
1219,50,42453,4,1,0
1220,55,64346,4,0,0
1221,30,38700,1,0,0
1222,48,58464,2,0,0
1223,64,56630,3,1,0
1224,53,52835,8,1,0
1225,62,27312,0,0,0
1226,41,74595,1,1,1
1227,69,94414,3,1,1
1228,32,50177,1,1,0
1229,46,29073,4,0,0
1230,25,50582,4,1,0
1231,22,69797,0,1,0
1232,46,37696,1,1,0
1233,64,47422,6,1,0
1234,21,56813,5,0,0
1235,29,74061,2,1,0
1236,62,65508,3,0,1
1237,19,66337,7,1,0
1238,44,41475,1,0,0
1239,48,58038,4,1,0
1240,68,35561,3,0,0
1241,68,66911,2,0,0
1242,53,73024,2,0,1
1243,53,61067,3,0,0
1244,43,42652,6,1,0
1245,60,45925,4,1,0
1246,44,86130,1,1,0
1247,22,42986,3,1,0
1248,37,71000,3,1,0
1249,28,56778,1,0,0
1250,27,43317,2,1,0
1251,57,23107,1,1,0
1252,55,54232,2,1,0
1253,23,51822,4,0,0
1254,25,86131,0,0,0
1255,40,32796,2,0,0
1256,64,95895,0,0,1
1257,43,57576,5,1,1
1258,63,57557,1,0,0
1259,60,38139,1,1,0
1260,29,56294,1,0,0
1261,43,59461,5,0,0
1262,30,68747,2,1,0
1263,57,30434,2,0,0
1264,35,78136,2,0,0
1265,42,57228,1,0,1
1266,50,62165,2,1,0
1267,64,45581,1,0,0
1268,57,31437,8,1,0
1269,60,51454,10,1,0
1270,29,53746,3,1,0
1271,61,22291,3,0,0
1272,53,65866,5,0,0
1273,65,69930,0,1,1
1274,21,35407,2,0,0
1275,22,29548,3,1,0
1276,54,43941,1,1,0
1277,25,50478,0,0,0
1278,59,44717,1,0,0
1279,66,48782,2,0,0
1280,45,54430,0,0,0
1281,48,22635,6,1,0
1282,26,24934,5,0,1
1283,68,-4446,3,0,0
1284,46,68851,3,1,0
1285,31,50305,1,0,0
1286,57,70957,2,0,0
1287,58,27245,6,0,0
1288,39,50488,2,0,0
1289,28,54297,5,1,1
1290,40,38764,5,0,0
1291,18,18931,2,1,0
1292,63,84917,5,0,1
1293,54,77986,5,0,1
1294,38,42361,4,1,0
1295,43,60205,4,0,0
1296,63,40304,1,0,0
1297,53,30092,0,0,0
1298,40,86545,1,0,0
1299,18,16893,1,1,0
1300,68,44290,4,0,0
1301,57,51686,1,0,0
1302,32,83025,4,0,0
1303,38,67932,3,1,0
1304,64,16555,1,0,0
1305,26,49945,7,1,0
1306,26,50421,2,1,1
1307,27,45433,7,0,0
1308,69,62396,3,1,0
1309,43,21818,4,1,0
1310,58,41827,3,0,0
1311,52,59576,3,0,0
1312,69,63592,2,0,0
1313,42,52988,3,0,0
1314,43,44232,3,0,0
1315,28,47601,4,1,0
1316,55,64808,2,1,1
1317,19,50678,1,0,0
1318,24,29163,3,1,0
1319,35,25330,5,0,0
1320,44,20207,5,0,0
1321,51,79112,1,1,0
1322,44,66149,1,0,1
1323,34,47870,5,0,0
1324,60,40924,2,1,0
1325,61,38521,9,1,0
1326,68,71865,1,0,0
1327,41,88089,5,1,0
1328,42,37892,7,1,0
1329,24,72768,4,1,0
1330,69,50560,4,0,0
1331,23,45751,2,0,0
1332,41,80084,5,0,0
1333,50,49797,4,0,0
1334,66,55927,7,0,0
1335,46,54965,3,0,0
1336,60,17488,5,0,0
1337,39,55768,5,1,0
1338,43,38746,2,0,0
1339,45,21577,4,1,0
1340,67,39657,2,0,0
1341,38,39492,4,1,0
1342,66,70598,0,0,1
1343,24,28724,3,0,0
1344,34,34203,5,1,0
1345,37,54708,3,1,0
1346,58,23484,2,1,1
1347,66,36820,2,0,0
1348,37,16710,5,1,0
1349,39,68400,1,0,0
1350,45,43973,1,1,0
1351,57,49682,3,1,1
1352,66,68320,4,0,0
1353,24,35555,1,0,0
1354,18,43760,7,1,0
1355,49,28873,1,0,0
1356,30,28830,2,0,0
1357,47,31588,2,1,0
1358,40,40150,5,1,0
1359,68,42304,3,0,0
1360,36,55773,2,1,0
1361,49,32176,4,1,1
1362,47,56393,2,0,0
1363,46,59700,2,1,1
1364,66,40644,5,1,0
1365,62,33906,2,0,0
1366,46,51702,4,1,0
1367,47,45942,0,0,0
1368,33,54407,8,1,0
1369,57,81397,1,0,0
1370,36,51373,5,0,0
1371,35,37215,2,1,0
1372,18,32182,5,0,0
1373,31,32956,1,0,0
1374,68,20745,4,1,0
1375,64,68655,3,0,0
1376,67,5334,3,0,0
1377,19,59762,2,0,0
1378,45,32639,2,0,0
1379,66,39752,2,1,0
1380,67,32040,5,1,1
1381,47,78917,4,0,0
1382,55,50326,2,0,0
1383,68,65808,4,1,1
1384,21,76011,6,0,1
1385,18,53268,6,1,0
1386,25,26088,2,0,0
1387,46,45587,1,0,0
1388,56,35155,2,0,0
1389,20,39930,2,0,0
1390,49,48108,4,1,0
1391,27,47317,2,1,0
1392,27,58242,3,0,0
1393,36,61146,3,1,0
1394,63,47317,4,0,0
1395,51,58069,2,0,0
1396,50,39013,2,0,0
1397,40,76296,2,1,0
1398,45,38690,1,1,0
1399,49,73944,4,0,0
1400,67,20479,1,1,0
1401,24,42392,4,0,0
1402,46,43380,7,0,1
1403,25,55580,4,1,0
1404,18,67236,2,1,0
1405,20,25012,2,0,0
1406,41,27840,6,0,0
1407,40,21962,1,0,1
1408,25,76404,2,0,0
1409,64,55952,3,0,0
1410,54,28313,2,0,0
1411,20,41138,6,1,1
1412,68,73635,3,0,0
1413,50,44438,3,1,0
1414,45,43256,4,0,0
1415,64,34374,0,0,0
1416,25,29500,3,1,0
1417,51,73666,4,0,0
1418,52,83478,8,0,0
1419,49,30296,3,1,1
1420,41,78099,1,0,0
1421,31,40252,4,1,1
1422,49,60673,1,0,0
1423,63,78204,3,1,0
1424,60,47098,1,0,0
1425,33,43441,6,1,0
1426,21,66022,3,1,0
1427,69,27801,3,1,0
1428,54,72941,5,0,0
1429,38,52856,6,1,0
1430,31,38445,1,0,0
1431,48,37917,3,1,0
1432,65,22331,2,0,0
1433,35,39277,3,0,0
1434,24,44719,3,0,0
1435,27,28774,3,1,0
1436,24,49091,1,0,0
1437,50,59458,1,0,0
1438,40,45731,1,1,0
1439,38,63255,4,1,1
1440,36,33857,1,1,0
1441,65,70068,2,1,0
1442,36,52436,1,1,0
1443,53,80905,3,1,0
1444,46,98284,1,0,0
1445,35,40595,2,1,0
1446,19,41419,2,1,0
1447,18,45075,4,1,0
1448,64,61914,3,0,0
1449,22,76519,1,1,0
1450,37,36944,4,0,0
1451,28,57625,2,0,0
1452,59,47281,3,0,0
1453,19,62362,4,1,0
1454,20,80189,2,0,0
1455,40,45193,3,1,0
1456,29,16603,4,0,0
1457,37,64878,2,0,0
1458,22,33346,2,0,0
1459,54,47138,3,0,0
1460,55,65741,8,0,0
1461,47,55948,5,1,0
1462,26,47966,2,1,0
1463,51,38482,3,0,0
1464,61,-7998,2,0,0
1465,52,63966,0,0,0
1466,69,44941,3,0,0
1467,39,80267,2,0,1
1468,61,57961,4,0,0
1469,41,39177,1,0,0
1470,34,71337,3,0,0
1471,27,73023,3,0,1
1472,47,45619,2,0,0
1473,63,73873,2,0,1
1474,40,38894,4,0,0
1475,49,53193,3,1,0
1476,34,61428,4,1,0
1477,67,65696,2,0,0
1478,68,62430,2,0,0
1479,34,43347,2,1,0
1480,31,71874,6,0,0
1481,26,47511,0,0,1
1482,57,38619,2,0,0
1483,19,38913,4,0,1
1484,62,88800,1,1,1
1485,42,35160,3,0,0
1486,56,75833,4,1,0
1487,26,27291,2,0,0
1488,39,59758,2,1,0
1489,60,55942,3,0,0
1490,63,82425,5,0,0
1491,21,36912,4,0,0
1492,43,31387,2,0,0
1493,46,47670,1,1,0
1494,62,83296,4,0,1
1495,51,32317,7,1,0
1496,40,-1768,8,1,0
1497,54,51195,4,0,1
1498,28,68990,4,0,0
1499,23,29724,2,0,0
1500,35,66959,3,0,0
1501,38,29282,3,0,1
1502,59,47069,2,0,0
1503,53,65054,5,0,0
1504,58,26251,4,0,1
1505,55,53630,2,0,0
1506,51,74299,5,0,0
1507,34,59479,2,0,0
1508,54,35587,3,1,0
1509,42,80374,4,0,1
1510,55,63168,1,0,0
1511,29,12791,6,1,0
1512,40,67285,3,1,0
1513,59,38573,1,0,0
1514,39,53931,1,1,0
1515,38,70160,2,0,0
1516,44,39008,2,1,0
1517,48,17088,2,1,0
1518,23,80111,6,0,0
1519,44,73292,0,1,0
1520,57,48255,4,0,0
1521,51,67068,4,0,0
1522,29,42612,5,0,0
1523,62,51939,4,0,0
1524,24,47114,3,1,0
1525,27,43421,3,1,1
1526,62,57186,4,1,1
1527,34,25836,3,1,0
1528,43,44968,5,0,1
1529,38,56290,2,1,0
1530,45,86762,5,0,0
1531,63,26649,1,1,0
1532,19,60411,1,0,0
1533,60,62603,3,1,1
1534,18,12466,3,1,0
1535,68,58211,3,0,0
1536,53,67606,3,0,0
1537,68,61773,1,0,0
1538,43,48321,4,0,0
1539,46,56665,7,0,1
1540,38,53397,2,0,0
1541,28,16211,1,1,0
1542,57,53866,4,1,0
1543,28,42659,5,0,1
1544,53,35904,1,1,0
1545,66,99699,3,1,0
1546,56,75052,4,1,0
1547,57,26997,1,1,0
1548,52,56933,7,0,1
1549,51,79161,2,1,0
1550,64,20076,4,0,0
1551,41,51540,1,1,0
1552,39,52481,2,0,0
1553,22,24510,4,0,0
1554,50,57591,4,1,1
1555,53,72325,3,0,1
1556,64,80161,5,1,0
1557,37,45013,1,0,0
1558,36,100033,5,0,0
1559,52,8841,3,0,0
1560,69,57124,1,1,0
1561,60,21754,8,1,0
1562,34,51804,2,1,0
1563,62,39562,1,1,0
1564,60,60138,4,1,0
1565,51,47462,2,1,0
1566,26,33480,5,0,0
1567,43,34794,2,0,0
1568,19,88649,2,1,0
1569,26,58870,0,0,0
1570,26,15957,4,0,0
1571,57,61016,1,0,0
1572,34,46106,3,0,0
1573,18,50092,4,0,0
1574,42,66398,6,0,1
1575,60,73665,4,0,0
1576,57,32824,6,0,0
1577,59,49405,4,0,0
1578,42,39078,5,1,0
1579,56,61937,2,1,0
1580,52,45354,4,0,1
1581,20,50585,4,0,0
1582,67,44594,1,0,0
1583,54,47878,2,1,0
1584,61,84093,4,0,0
1585,61,97815,2,1,0
1586,68,57542,5,0,0
1587,47,48001,1,1,0
1588,55,18087,6,0,0
1589,51,34792,4,1,0
1590,29,47465,0,1,0
1591,36,35699,5,1,0
1592,54,37802,4,1,0
1593,61,81508,5,0,0
1594,66,50576,1,1,0
1595,34,52364,1,0,0
1596,27,36516,2,1,0
1597,66,73551,0,0,1
1598,64,45748,2,1,0
1599,29,39583,3,1,0
1600,33,18385,1,0,0
1601,41,48778,4,0,0
1602,36,38959,3,0,0
1603,25,83692,3,0,0
1604,48,86878,5,1,0
1605,38,25294,3,0,0
1606,34,27557,6,0,0
1607,40,44474,1,0,0
1608,54,33679,0,1,0
1609,33,54348,3,0,0
1610,23,43468,4,1,1
1611,25,55611,0,0,0
1612,42,70322,1,0,0
1613,35,28716,1,0,0
1614,42,69904,1,0,0
1615,29,35427,4,1,0
1616,32,92970,1,0,0
1617,43,82420,5,0,0
1618,58,47738,3,0,0
1619,62,30728,3,1,0
1620,43,26903,4,0,0
1621,64,67473,2,0,1
1622,49,49392,3,1,0
1623,27,68537,2,0,0
1624,33,94085,3,1,0
1625,24,34592,3,1,1
1626,34,25397,1,0,0
1627,40,53851,6,0,0
1628,43,72895,1,1,0
1629,38,31191,3,1,0
1630,39,50692,2,0,0
1631,24,77401,1,1,0
1632,31,17342,3,1,0
1633,32,54706,8,0,0
1634,24,39198,1,1,0
1635,26,52483,3,0,0
1636,68,64196,3,1,0
1637,65,54416,4,0,0
1638,25,29796,0,1,0
1639,67,39975,1,0,0
1640,40,78532,4,0,0
1641,46,56579,5,0,1
1642,35,66806,4,0,0
1643,48,55006,0,0,0
1644,47,66182,1,1,0
1645,69,42077,0,0,0
1646,56,34650,2,1,0
1647,52,65274,3,0,0
1648,35,72547,2,1,0
1649,59,31714,4,1,0
1650,56,38481,2,1,0
1651,34,46735,1,0,0
1652,31,82396,2,0,0
1653,48,61263,1,1,0
1654,41,23518,2,0,0
1655,52,48140,4,0,0
1656,61,45082,4,0,0
1657,62,26535,5,0,0
1658,51,47904,3,0,0
1659,20,44199,1,0,0
1660,54,42767,2,1,0
1661,60,41852,1,0,0
1662,57,79428,2,1,1
1663,43,42726,4,0,0
1664,40,50993,2,0,0
1665,61,48825,4,1,1
1666,56,39900,2,0,0
1667,32,51590,4,0,0
1668,66,51307,4,1,0
1669,21,51595,3,0,0
1670,46,32815,2,0,0
1671,39,45878,6,1,1
1672,42,65206,5,0,1
1673,30,46404,4,1,0
1674,35,53236,5,0,0
1675,50,53341,4,1,0
1676,33,58348,0,0,0
1677,62,61173,1,1,0
1678,59,46517,3,1,0
1679,61,31773,2,0,0
1680,19,25626,3,0,0
1681,52,70354,7,0,0
1682,59,65405,5,0,0
1683,51,62987,4,0,0
1684,47,66224,5,0,0
1685,30,46769,2,0,0
1686,30,37502,4,0,0
1687,35,30392,8,0,0
1688,49,28213,2,1,0
1689,49,74243,1,0,0
1690,52,40137,1,0,0
1691,56,71097,1,0,0
1692,63,46262,1,1,1
1693,69,36475,1,0,0
1694,46,28113,5,1,0
1695,66,38237,1,0,0
1696,46,78365,2,0,0
1697,61,28316,3,1,0
1698,33,92335,6,0,0
1699,61,33188,5,0,0
1700,64,64999,3,0,0
1701,27,47095,1,1,0
1702,47,43589,4,0,0
1703,42,24572,2,0,0
1704,56,48032,6,0,1
1705,37,26834,3,1,0
1706,22,16368,4,1,0
1707,18,52392,5,0,0
1708,47,37292,2,0,0
1709,66,83687,3,0,0
1710,20,70000,4,1,0
1711,62,83949,7,0,0
1712,31,36382,3,0,1
1713,47,52723,2,0,0
1714,67,-2413,5,1,0
1715,21,44364,3,0,0
1716,35,51970,6,0,0
1717,54,53081,4,0,0
1718,42,49153,1,1,0
1719,65,51332,5,0,0
1720,18,-4265,0,0,0
1721,63,55124,5,1,1
1722,32,59669,7,0,0
1723,26,76761,5,1,0
1724,32,57375,3,0,0
1725,66,47385,5,0,1
1726,41,72099,2,1,0
1727,21,2853,3,1,0
1728,29,39701,2,0,0
1729,54,34684,4,1,0
1730,54,49310,5,0,0
1731,60,6026,2,1,0
1732,23,76393,3,0,0
1733,56,45004,2,1,0
1734,63,56376,1,1,0
1735,41,54462,3,1,0
1736,28,75250,5,0,0
1737,30,12761,5,0,0
1738,51,52246,5,1,0
1739,42,72924,3,0,0
1740,24,48040,4,0,0
1741,69,30975,2,1,0
1742,21,37922,0,0,0
1743,25,42141,3,0,0
1744,37,35579,2,1,0
1745,46,46944,5,1,1
1746,68,80165,3,0,0
1747,62,38053,2,0,0
1748,63,40247,2,1,0
1749,27,59196,1,0,0
1750,60,46504,3,0,0
1751,51,23416,7,1,0
1752,43,48776,0,1,0
1753,58,48022,6,1,0
1754,66,69514,4,0,0
1755,20,30557,0,0,0
1756,23,69646,5,0,0
1757,22,48043,0,0,0
1758,22,27841,2,1,0
1759,64,23824,1,0,0
1760,40,88688,3,1,0
1761,66,46802,4,1,0
1762,26,68730,2,0,0
1763,52,15838,3,1,0
1764,37,102754,1,0,0
1765,66,67865,3,0,0
1766,59,44891,1,0,0
1767,52,43877,3,1,0
1768,67,64692,4,1,0
1769,35,63544,0,1,0
1770,34,53651,2,0,0
1771,41,50218,2,0,0
1772,20,61221,2,0,0
1773,49,15166,2,0,1
1774,52,42575,7,0,0
1775,55,17063,3,0,0
1776,30,62092,6,1,1
1777,64,36484,3,0,0
1778,42,18568,4,0,0
1779,26,34124,3,1,0
1780,21,52987,3,0,0
1781,31,45895,5,0,0
1782,54,26537,1,0,0
1783,51,15903,4,0,0
1784,28,51479,3,1,0
1785,58,38385,0,0,0
1786,20,44838,3,1,0
1787,45,46806,3,0,1
1788,46,58601,3,0,0
1789,26,66939,1,1,0
1790,20,52930,2,0,0
1791,42,43591,3,1,0
1792,51,50495,2,1,0
1793,29,43215,3,1,0
1794,59,17149,1,1,0
1795,26,71839,6,1,1
1796,32,68069,0,1,0
1797,57,89767,2,1,0
1798,42,95610,1,1,0
1799,22,26480,1,1,0
1800,28,43292,4,0,0
1801,51,100231,2,1,1
1802,41,49189,2,0,0
1803,32,54884,2,1,0
1804,55,19577,6,1,0
1805,25,53006,1,1,0
1806,22,88639,6,0,0
1807,65,75733,3,0,1
1808,43,37800,2,0,0
1809,35,42074,5,0,0
1810,23,27382,6,1,0
1811,54,32977,1,0,0
1812,65,11796,2,1,0
1813,30,48304,7,1,0
1814,45,80202,8,1,0
1815,22,57109,3,1,1
1816,30,77325,4,1,0
1817,34,71465,5,0,0
1818,67,39064,2,1,0
1819,57,34810,0,0,0
1820,62,35576,4,1,0
1821,49,15659,1,0,0
1822,46,50647,4,1,0
1823,68,-8089,5,0,0
1824,20,61828,3,0,0
1825,57,51438,2,1,0
1826,51,59429,2,1,0
1827,57,71140,1,1,0
1828,44,53976,6,1,0
1829,30,82631,4,1,0
1830,62,62439,2,0,0
1831,50,34857,3,0,0
1832,23,45246,4,0,0
1833,41,4774,5,1,0
1834,36,31956,1,0,0
1835,33,42380,0,1,0
1836,57,60925,5,1,0
1837,45,34993,1,1,0
1838,50,25075,4,1,0
1839,65,12249,4,0,0
1840,58,38072,5,0,0
1841,30,89017,2,0,0
1842,60,55422,3,0,0
1843,62,68792,3,0,0
1844,42,31999,4,0,0
1845,59,18531,4,0,0
1846,53,25578,2,1,0
1847,44,48057,1,1,0
1848,55,10117,3,0,0
1849,24,29868,6,1,0
1850,22,38273,4,0,0
1851,60,23581,2,1,0
1852,62,7526,5,0,0
1853,68,55793,0,0,0
1854,48,50917,3,1,0
1855,40,65581,5,0,1
1856,59,27791,6,0,0
1857,27,65198,2,0,0
1858,49,80586,4,1,0
1859,60,55244,5,0,0
1860,47,37801,1,1,1
1861,56,52902,4,0,1
1862,48,36844,4,0,0
1863,35,33514,7,0,0
1864,53,63665,3,1,0
1865,19,47219,4,0,0
1866,31,74102,3,0,0
1867,30,41152,3,1,0
1868,46,43177,1,0,0
1869,29,38670,0,0,0
1870,56,27596,10,0,1
1871,19,66288,5,0,0
1872,49,93714,1,1,0
1873,30,42355,3,1,0
1874,63,36390,1,1,0
1875,44,35094,1,1,0
1876,66,36405,1,1,0
1877,58,82996,2,1,1
1878,34,35630,0,1,0
1879,57,38295,3,0,0
1880,48,25193,2,0,0
1881,51,55873,9,0,0
1882,41,48655,2,1,0
1883,62,27256,5,1,1
1884,52,32143,3,1,0
1885,65,80659,2,0,0
1886,23,50654,3,0,0
1887,36,52034,3,0,0
1888,47,52113,3,0,0
1889,24,77893,2,0,0
1890,27,29096,5,0,0
1891,58,42072,3,1,0
1892,49,46621,2,0,0
1893,51,15576,3,0,0
1894,45,31677,4,0,0
1895,32,70933,4,0,0
1896,47,65204,2,1,1
1897,54,68741,4,1,0
1898,46,38218,5,1,0
1899,39,40686,3,1,0
1900,21,14239,2,1,0
1901,37,68639,2,1,0
1902,49,71933,2,0,0
1903,53,71678,2,0,0
1904,67,82082,4,1,1
1905,21,58442,2,1,0
1906,44,81138,3,0,0
1907,34,45991,2,1,0
1908,29,14660,4,0,0
1909,39,67214,6,0,0
1910,34,13922,5,0,0
1911,27,53404,4,1,0
1912,18,69106,3,0,0
1913,39,56485,5,1,1
1914,43,95565,0,1,0
1915,35,10681,4,0,0
1916,67,48343,2,0,0
1917,31,50349,3,1,0
1918,64,23118,4,0,0
1919,46,26925,6,1,0
1920,29,33097,4,1,1
1921,53,28007,2,0,0
1922,52,47840,3,1,1
1923,69,37941,1,1,0
1924,29,56358,5,1,0
1925,24,62989,4,1,0
1926,46,61636,2,1,0
1927,28,41797,4,0,0
1928,50,55690,2,0,0
1929,23,70703,3,0,0
1930,64,58911,2,0,0
1931,32,87180,0,0,0
1932,49,69644,1,0,0
1933,68,84368,3,0,0
1934,28,153,3,1,0
1935,40,51934,7,1,0
1936,43,43521,3,0,0
1937,51,47500,2,1,0
1938,63,33901,3,0,0
1939,51,57924,5,0,0
1940,46,13833,4,1,0
1941,21,58069,4,0,0
1942,34,34566,0,1,0
1943,52,39992,4,0,0
1944,30,58770,9,0,0
1945,58,51576,1,0,0
1946,56,71078,2,1,1
1947,32,30610,2,1,0
1948,46,48386,3,0,1
1949,46,67775,4,0,0
1950,28,57224,6,1,0
1951,69,58512,8,1,0
1952,49,72161,2,1,0
1953,19,41875,6,0,0
1954,64,37663,4,0,0
1955,31,61518,8,1,0
1956,37,47011,0,1,0
1957,39,72444,1,0,0
1958,28,57395,6,0,0
1959,44,37533,2,0,0
1960,20,56768,3,0,0
1961,34,31946,1,1,0
1962,61,68939,3,0,1
1963,45,22057,1,0,0
1964,46,74441,2,0,0
1965,38,56418,4,0,0
1966,64,46709,6,0,0
1967,33,65267,2,0,0
1968,54,60227,2,0,0
1969,37,76608,2,1,0
1970,23,76421,4,0,0
1971,36,57046,3,0,0
1972,22,32565,6,0,0
1973,20,39170,3,0,0
1974,18,48567,2,0,0
1975,55,71634,2,1,0
1976,32,40872,5,1,0
1977,51,42541,3,0,0
1978,52,86967,7,0,0
1979,66,47914,2,1,1
1980,42,37305,4,0,1
1981,41,65533,2,0,0
1982,29,48877,2,0,0
1983,35,22208,2,0,0
1984,32,70818,4,1,0
1985,61,35059,3,0,0
1986,33,50872,6,0,0
1987,44,48637,4,1,0
1988,25,54602,2,0,0
1989,63,6179,2,1,0
1990,42,43298,4,1,0
1991,34,72497,5,1,0
1992,46,75309,1,0,0
1993,25,30174,1,0,0
1994,32,68412,4,0,0
1995,44,34771,3,0,0
1996,63,42509,3,1,1
1997,67,43560,2,1,0
1998,69,52176,4,1,0
1999,24,70027,4,0,0
2000,20,55292,4,0,0
2001,46,47477,2,0,0
2002,61,69346,5,0,0
2003,41,33947,6,1,1
2004,20,48456,1,0,0
2005,37,69916,4,1,0
2006,63,60586,4,0,1
2007,32,40674,4,1,0
2008,42,19741,6,1,0
2009,47,56217,3,0,0
2010,31,18426,3,1,0
2011,24,45750,5,1,0
2012,34,73579,2,0,0
2013,61,61935,1,1,0
2014,37,9527,2,1,0
2015,53,54009,4,1,1
2016,26,43617,3,0,0
2017,55,24526,1,1,0
2018,65,56700,5,1,1
2019,39,40165,1,0,1
2020,19,40289,5,0,0
2021,41,52481,2,0,0
2022,25,37482,1,1,0
2023,28,51915,4,1,0
2024,30,38134,2,0,0
2025,34,39231,3,0,0
2026,25,69859,2,0,0
2027,38,71893,1,1,0
2028,35,15827,3,1,0
2029,47,64941,4,0,0
2030,35,77972,2,0,1
2031,63,81148,3,1,0
2032,64,60408,4,1,0
2033,48,28852,6,0,0
2034,55,62600,2,1,0
2035,49,32615,5,0,0
2036,28,43141,2,0,0
2037,62,57662,4,0,0
2038,42,33905,2,1,0
2039,50,27072,1,1,0
2040,55,59315,7,0,1
2041,58,87344,3,0,1
2042,25,74865,6,0,0
2043,28,64144,6,0,0
2044,39,69584,7,0,0
2045,68,62754,3,0,0
2046,41,58998,4,0,0
2047,58,67972,4,1,0
2048,34,22633,1,0,0
2049,29,53990,9,0,0
2050,63,48381,2,0,0
2051,49,51578,1,0,0
2052,32,40773,3,1,0
2053,33,60410,3,1,0
2054,39,33641,3,0,0
2055,45,39323,2,1,0
2056,37,36922,3,0,0
2057,50,67279,4,0,0
2058,27,49766,1,0,0
2059,57,40783,1,0,0
2060,49,42531,3,0,0
2061,67,50078,4,0,0
2062,50,82443,3,0,0
2063,19,25270,0,1,1
2064,50,63510,6,0,0
2065,50,59437,6,1,0
2066,58,32341,1,0,0
2067,30,79337,3,1,1
2068,47,60786,2,1,0
2069,50,39845,3,0,0
2070,30,12812,3,0,0
2071,69,54583,4,1,0
2072,43,49105,3,1,0
2073,39,29386,4,0,0
2074,56,29128,4,0,0
2075,19,67370,3,1,0
2076,55,10886,2,0,0
2077,56,56286,4,1,0
2078,43,46251,3,1,0
2079,63,59943,4,0,0
2080,67,44114,2,1,0
2081,32,55865,3,1,1
2082,51,35145,3,0,0
2083,59,49016,4,0,0
2084,61,59782,2,1,0
2085,66,53017,4,0,0
2086,57,57606,2,0,0
2087,28,31442,3,1,0
2088,20,38187,4,0,0
2089,23,38533,4,0,0
2090,26,44470,4,1,0
2091,23,77172,2,0,0
2092,26,42916,0,0,0
2093,56,27129,3,1,0
2094,48,60833,2,0,0
2095,49,76933,3,1,0
2096,58,24776,1,0,0
2097,67,89456,3,0,1
2098,29,58304,3,0,0
2099,25,70678,2,0,1
2100,25,79341,0,0,0
2101,67,69452,5,1,0
2102,45,47789,4,0,0
2103,37,74354,2,0,0
2104,64,55092,2,0,0
2105,24,71810,2,0,1
2106,28,73998,2,1,0
2107,37,28182,5,1,0
2108,33,65886,6,1,0
2109,21,46362,3,0,0
2110,23,52764,3,1,1
2111,39,52542,1,0,0
2112,43,51739,2,0,0
2113,20,80471,4,1,0
2114,58,22671,3,0,0
2115,59,15553,2,0,0
2116,31,11334,3,1,0
2117,28,71383,0,0,1
2118,35,34531,2,1,0
2119,29,52644,1,1,0
2120,40,47706,3,0,0
2121,29,32272,4,0,0
2122,30,67030,5,1,1
2123,42,47451,1,0,0
2124,62,45245,6,1,0
2125,68,54657,1,0,0
2126,36,64415,1,0,0
2127,63,30820,1,1,0
2128,53,67458,2,0,0
2129,62,78997,5,1,1
2130,25,21478,3,1,0
2131,46,55566,3,0,0
2132,49,43902,5,1,0
2133,68,63985,4,0,0
2134,61,25667,2,0,0
2135,35,82579,1,1,0
2136,23,17842,2,1,0
2137,35,45114,4,0,0
2138,36,58686,2,1,0
2139,39,36273,3,1,0
2140,54,33132,4,1,0
2141,49,54445,5,0,0
2142,58,51555,0,0,0
2143,20,50119,5,1,0
2144,45,67174,7,1,1
2145,27,42111,3,0,0
2146,68,56392,3,0,0
2147,52,39868,2,1,0
2148,46,33013,5,0,0
2149,32,44305,2,0,0
2150,50,40025,5,0,0
2151,24,41024,2,1,0
2152,29,73307,1,0,0
2153,66,44918,3,0,0
2154,47,36742,3,0,0
2155,38,50562,2,0,0
2156,48,52085,5,0,0
2157,41,26262,2,0,0
2158,37,44032,8,0,0
2159,54,43226,4,0,0
2160,21,46557,6,0,0
2161,45,64511,4,0,0
2162,61,52733,1,0,0
2163,37,74559,6,1,1
2164,41,49767,5,0,0
2165,67,85522,8,0,1
2166,66,40784,2,0,0
2167,68,34609,2,0,0
2168,49,60946,5,0,0
2169,58,77282,4,0,0
2170,53,22424,4,0,0
2171,51,46060,5,0,0
2172,53,37784,3,0,0
2173,19,52857,3,0,0
2174,32,50200,6,1,0
2175,51,76908,2,1,1
2176,53,47832,3,0,0
2177,23,77496,3,0,0
2178,56,43698,2,1,0
2179,59,68530,1,1,0
2180,68,54573,1,1,0
2181,68,84598,2,0,0
2182,29,20460,2,0,0
2183,20,26723,1,0,0
2184,62,86632,0,0,0
2185,35,35335,2,1,0
2186,57,36604,8,1,0
2187,38,32486,4,1,0
2188,32,72969,3,0,1
2189,50,24931,4,1,1
2190,52,50449,4,1,0
2191,43,44688,1,0,0
2192,25,70730,6,1,0
2193,53,38726,2,1,0
2194,65,58305,1,0,0
2195,47,26576,7,1,0
2196,40,95479,3,0,0
2197,59,45208,3,1,0
2198,61,50175,5,0,0
2199,31,83095,2,0,0
2200,31,38267,2,0,0
2201,19,83348,1,0,0
2202,54,41771,3,0,0
2203,22,63434,2,1,1
2204,55,38546,8,1,0
2205,62,22879,0,1,0
2206,58,58292,5,0,0
2207,64,62798,1,0,0
2208,31,23682,4,1,1
2209,56,43859,2,0,0
2210,42,74015,4,1,0
2211,37,62002,4,0,0
2212,19,42096,3,0,0
2213,56,38049,2,0,0
2214,23,88965,1,0,0
2215,34,21061,2,1,0
2216,42,48816,1,0,0
2217,45,20706,2,1,0
2218,19,76296,1,0,0
2219,52,49858,1,1,0
2220,54,53563,3,1,0
2221,22,105378,1,0,1
2222,18,38131,3,1,0
2223,57,84972,2,1,1
2224,29,42185,3,0,0
2225,53,45330,2,0,1
2226,62,102764,4,0,0
2227,40,46778,1,0,1
2228,64,22513,3,0,0
2229,48,55638,3,1,0
2230,28,46545,4,0,0
2231,27,57342,4,0,0
2232,20,47328,4,0,0
2233,31,94311,3,0,0
2234,33,61135,4,1,0
2235,27,28501,5,1,0
2236,46,52491,3,1,0
2237,27,34007,3,1,1
2238,29,45046,2,1,0
2239,47,31791,3,0,0
2240,58,92142,4,1,0
2241,18,36172,2,0,0
2242,22,63751,7,0,0
2243,37,43530,4,1,0
2244,25,26832,2,0,0
2245,60,53953,2,0,0
2246,29,58014,1,0,0
2247,18,61173,2,0,0
2248,37,-2444,3,1,0
2249,45,25303,6,0,0
2250,60,69151,5,0,0
2251,54,31528,3,1,0
2252,64,54059,2,0,0
2253,54,24840,4,0,0
2254,29,64632,2,1,1
2255,54,68625,3,0,0
2256,66,64638,4,1,0
2257,66,70651,1,0,0
2258,61,81278,9,1,1
2259,45,26519,4,1,0
2260,64,34227,3,0,0
2261,32,67951,3,1,0
2262,23,72604,2,1,0
2263,61,36513,2,0,0
2264,37,35122,4,1,0
2265,67,36956,2,0,0
2266,31,17898,2,1,0
2267,19,24572,2,0,0
2268,26,25054,3,1,0
2269,54,44118,2,1,0
2270,37,55417,3,1,0
2271,43,58669,3,0,0
2272,46,39829,3,1,0
2273,18,40320,3,0,0
2274,52,52473,4,1,1
2275,23,20080,6,0,0
2276,54,69189,2,1,1
2277,22,75708,3,0,0
2278,50,37488,5,1,0
2279,66,42031,1,1,0
2280,68,74866,4,1,0
2281,31,47539,3,1,0
2282,29,61765,6,0,0
2283,59,48154,3,0,1
2284,37,81126,1,1,0
2285,67,59802,4,0,1
2286,41,60953,3,1,0
2287,60,61326,2,1,0
2288,51,38898,4,1,0
2289,42,40735,6,0,0
2290,67,65385,3,1,0
2291,46,52528,6,0,1
2292,56,26448,5,1,0
2293,48,87462,2,0,0
2294,64,69561,4,0,0
2295,60,50753,1,1,0
2296,67,44530,4,1,0
2297,40,53974,1,1,0
2298,61,60350,2,1,0
2299,55,9340,5,0,0
2300,37,92247,1,1,0
2301,40,34202,4,0,0
2302,62,49962,1,1,0
2303,69,50697,3,0,1
2304,33,89937,2,0,0
2305,67,48238,4,1,0
2306,59,81770,3,0,0
2307,25,58135,5,1,0
2308,67,30762,6,0,0
2309,38,52694,4,0,1
2310,18,47630,5,1,0
2311,25,28319,7,0,0
2312,46,57154,2,0,0
2313,49,50442,4,0,0
2314,55,61128,6,0,1
2315,22,53867,3,0,0
2316,64,36978,7,1,0
2317,39,65367,6,0,0
2318,64,37512,3,1,0
2319,51,-11993,1,1,0
2320,18,52573,2,0,1
2321,43,38919,4,0,0
2322,60,57643,4,1,0
2323,27,89977,5,0,0
2324,47,90555,4,0,1
2325,67,46698,4,1,0
2326,35,33470,2,0,0
2327,34,61694,6,0,0
2328,43,42595,1,1,0
2329,25,57836,1,1,0
2330,64,36783,7,1,0
2331,57,55014,3,0,0
2332,66,33761,3,1,0
2333,29,73685,1,1,0
2334,44,38200,2,0,0
2335,25,63222,1,0,0
2336,42,24705,1,1,0
2337,63,65623,2,0,1
2338,21,30672,3,0,0
2339,50,55224,2,0,0
2340,18,70464,7,1,1
2341,36,46000,4,0,0
2342,48,29417,4,0,0
2343,33,59936,3,1,1
2344,31,33180,4,0,0
2345,65,41915,4,1,0
2346,22,55309,7,0,0
2347,58,77214,4,0,1
2348,43,50531,4,0,0
2349,45,50457,1,1,0
2350,19,64750,1,0,0
2351,67,51007,1,1,0
2352,23,62711,5,0,0
2353,26,71571,6,0,0
2354,50,43445,3,1,0
2355,58,-15500,6,1,0
2356,42,33641,7,0,0
2357,65,74174,2,0,0
2358,30,49325,3,0,0
2359,26,43217,3,1,0
2360,30,73336,2,0,0
2361,48,47974,2,1,0
2362,58,8149,1,0,0
2363,28,19894,2,0,0
2364,21,58373,4,0,0
2365,51,48662,1,1,0
2366,55,79093,5,0,0
2367,63,35335,3,1,0
2368,21,43810,3,0,0
2369,55,32310,3,0,0
2370,36,39588,4,1,0
2371,23,12162,0,1,0
2372,51,42286,4,1,0
2373,35,48963,6,0,0
2374,30,47273,4,0,0
2375,58,92991,1,0,0
2376,40,86670,3,1,1
2377,36,34982,0,0,1
2378,62,9121,5,0,0
2379,28,48016,3,0,0
2380,18,57530,2,0,0
2381,41,32790,4,1,0
2382,24,33780,4,0,0
2383,42,81651,6,0,0
2384,38,44849,3,0,0
2385,32,63245,2,0,0
2386,18,31394,0,1,0
2387,29,48861,3,0,0
2388,24,43273,3,1,0
2389,32,36493,4,0,0
2390,38,73106,3,1,0
2391,36,22222,4,1,0
2392,46,56001,1,0,0
2393,42,42898,0,1,0
2394,50,58296,3,0,0
2395,66,43168,2,0,0
2396,49,67344,3,0,1
2397,66,31206,2,1,0
2398,52,73151,3,1,1
2399,61,49424,3,0,0
2400,55,23430,0,1,0
2401,43,63604,1,0,0
2402,28,46023,2,0,0
2403,52,15843,4,0,0
2404,25,56649,3,0,0
2405,63,70132,0,1,1
2406,31,75643,5,0,0
2407,27,42433,3,0,0
2408,19,52906,2,1,0
2409,63,51011,2,1,0
2410,26,79796,2,0,0
2411,20,33790,1,0,0
2412,38,40707,0,0,0
2413,43,33306,5,0,0
2414,25,21017,5,0,0
2415,65,54956,0,0,0
2416,19,82026,1,0,0
2417,23,46030,2,1,0
2418,45,32362,2,1,0
2419,46,53737,4,0,0
2420,43,61782,2,0,0
2421,42,46873,5,1,0
2422,29,78071,3,0,1
2423,22,33753,2,1,0
2424,51,44261,4,1,0
2425,65,55920,4,0,1
2426,54,57859,2,1,0
2427,32,50945,0,0,0
2428,61,24432,5,0,0
2429,53,96760,2,0,0
2430,32,45281,3,1,0
2431,60,52205,0,0,0
2432,65,62335,5,0,1
2433,40,37270,3,1,0
2434,23,51139,3,0,0
2435,63,36456,1,0,0
2436,67,58311,6,1,0
2437,61,44480,2,0,0
2438,60,55374,4,0,0
2439,62,29069,3,1,1
2440,38,33422,1,0,0
2441,40,22697,3,1,1
2442,60,35789,3,1,0
2443,33,-1470,1,0,0
2444,64,43858,5,0,0
2445,32,39315,2,0,0
2446,42,53018,8,1,1
2447,53,50892,5,0,0
2448,28,75142,3,0,0
2449,68,101886,2,0,0
2450,32,72751,0,0,0
2451,21,40938,2,1,0
2452,38,40132,6,1,1
2453,30,67373,4,0,0
2454,39,16333,3,0,0
2455,36,43696,4,1,0
2456,51,45237,2,0,0
2457,31,61683,2,1,0
2458,21,62277,2,1,1
2459,65,35109,3,0,0
2460,69,41713,3,1,0
2461,63,58902,5,0,0
2462,44,34022,5,0,0
2463,46,74122,2,0,0
2464,64,62184,0,1,0
2465,45,53430,1,1,0
2466,52,57819,3,1,0
2467,25,40662,2,0,0
2468,33,37474,5,1,0
2469,59,41506,2,0,1
2470,53,59999,2,0,0
2471,47,54020,5,0,1
2472,35,41546,7,0,0
2473,19,64992,4,0,0
2474,66,46521,5,0,0
2475,30,36134,3,1,0
2476,21,55087,5,1,0
2477,43,29739,2,0,0
2478,42,16256,6,0,0
2479,47,49898,2,1,0
2480,28,36852,1,0,0
2481,24,44917,1,0,0
2482,48,30665,8,1,0
2483,61,74179,5,1,0
2484,27,36770,4,0,0
2485,56,41360,1,0,0
2486,30,57558,6,0,0
2487,48,22468,1,1,0
2488,24,20989,5,0,0
2489,66,57619,2,0,0
2490,59,41101,6,1,0
2491,59,31970,3,1,0
2492,53,62067,6,0,0
2493,37,33762,3,1,0
2494,21,44510,6,1,0
2495,24,32077,5,1,0
2496,18,56069,1,1,1
2497,61,76642,3,0,0
2498,62,12779,3,1,0
2499,59,52253,2,0,0
2500,64,67132,4,1,0
2501,30,41570,2,0,0
2502,39,27379,4,1,0
2503,38,58419,4,0,0
2504,39,70033,0,0,0
2505,45,67810,4,0,0
2506,26,57318,2,0,0
2507,43,51958,3,1,1
2508,26,32020,3,1,0
2509,32,67305,2,0,0
2510,27,66199,0,1,0
2511,41,27239,1,0,0
2512,59,57290,5,0,0
2513,25,63056,4,0,0
2514,41,67642,2,0,0
2515,33,48500,1,0,0
2516,66,32849,1,0,0
2517,43,39958,3,0,0
2518,44,29855,3,1,0
2519,54,48979,3,0,0
2520,21,45062,5,1,1
2521,67,92901,4,0,1
2522,41,67894,3,1,1
2523,36,69391,0,1,0
2524,53,59427,7,0,0
2525,56,42654,3,1,1
2526,27,44492,4,0,0
2527,42,46323,4,0,0
2528,35,53765,4,0,0
2529,36,57783,1,1,0
2530,53,50014,4,0,0
2531,27,44188,3,0,0
2532,50,38118,4,1,1
2533,67,22147,2,0,0
2534,22,75668,5,0,0
2535,64,94111,3,0,1
2536,66,73987,1,0,0
2537,52,24819,4,1,0
2538,61,65740,6,0,0
2539,51,70476,1,0,0
2540,50,41931,3,0,0
2541,38,59779,2,0,0
2542,34,40874,6,0,0
2543,39,80579,1,0,0
2544,65,57307,4,0,0
2545,54,31657,2,0,0
2546,32,63396,5,0,0
2547,52,71176,2,0,0
2548,45,53963,1,0,0
2549,24,59589,2,1,0
2550,49,48605,5,1,0
2551,28,27314,2,0,0
2552,27,46965,2,0,0
2553,26,60461,3,1,0
2554,31,47439,4,0,0
2555,30,66015,2,1,1
2556,42,42156,4,0,0
2557,19,43468,4,0,0
2558,52,66622,3,0,0
2559,24,54437,7,1,0
2560,38,41766,0,0,0
2561,35,70676,4,0,0
2562,20,36225,5,0,0
2563,59,35461,3,0,0
2564,56,-6589,0,0,0
2565,58,38921,5,0,0
2566,66,76174,4,0,1
2567,28,8554,1,1,0
2568,56,30962,0,0,0
2569,41,58781,3,0,0
2570,63,5103,4,0,0
2571,36,39786,4,1,0
2572,21,72817,1,0,0
2573,43,90861,2,0,1
2574,55,55805,1,0,0
2575,59,31471,1,0,0
2576,49,30797,0,1,0
2577,56,52898,4,1,1
2578,62,55619,3,1,0
2579,63,87159,1,1,0
2580,53,69416,5,1,0
2581,57,51682,5,0,0
2582,54,43296,3,0,0
2583,50,110294,7,0,1
2584,53,62532,1,0,0
2585,20,36625,3,0,0
2586,26,45508,5,0,0
2587,25,32451,2,0,0
2588,50,1909,2,1,0
2589,23,56253,2,1,0
2590,58,85649,5,1,1
2591,56,17389,2,0,0
2592,21,51105,1,0,0
2593,30,35862,3,1,0
2594,66,60430,3,0,0
2595,19,46553,1,0,0
2596,22,22799,5,0,0
2597,61,30378,2,1,0
2598,44,33394,4,1,0
2599,49,76886,5,1,0
2600,38,75865,4,1,0
2601,25,43773,5,0,0
2602,55,74556,4,1,0
2603,25,46536,4,0,0
2604,67,43467,2,1,0
2605,20,51142,6,1,1
2606,61,55697,0,0,0
2607,20,38891,1,0,0
2608,39,50437,0,0,0
2609,23,65746,2,0,0
2610,19,52591,1,0,0
2611,40,50856,2,0,0
2612,61,59884,8,0,0
2613,19,63334,5,1,0
2614,55,48748,2,1,0
2615,34,40516,1,0,0
2616,52,53784,2,1,1
2617,51,18121,5,1,0
2618,40,45794,5,1,0
2619,47,569,2,0,0
2620,69,16484,4,0,0
2621,25,13476,1,1,0
2622,39,70947,1,0,0
2623,61,50280,1,0,0
2624,53,24759,5,0,0
2625,22,59821,2,0,0
2626,30,69773,4,0,0
2627,46,60170,4,0,0
2628,48,46226,5,0,1
2629,64,54650,4,0,0
2630,33,68030,3,0,0
2631,59,40615,3,1,0
2632,47,50597,3,0,0
2633,33,44856,5,1,0
2634,29,17732,4,1,0
2635,34,68331,3,0,0
2636,33,91145,2,0,0
2637,29,32524,4,1,1
2638,25,69254,5,1,0
2639,37,33160,1,0,0
2640,20,52656,5,0,0
2641,33,80160,5,1,0
2642,47,39591,2,1,0
2643,62,49706,2,0,0
2644,40,13970,2,0,0
2645,45,36716,2,1,0
2646,68,11875,4,1,1
2647,57,58584,3,0,1
2648,22,66633,1,1,0
2649,37,45567,5,1,0
2650,57,55718,2,0,0
2651,61,43485,3,0,0
2652,18,64811,0,1,0
2653,47,52589,1,0,0
2654,38,10287,3,1,0
2655,37,68800,2,0,0
2656,23,42209,2,1,0
2657,39,24592,3,0,0
2658,35,41221,2,0,0
2659,25,11959,3,0,0
2660,56,25002,5,0,0
2661,49,52859,3,1,0
2662,50,54534,5,0,0
2663,33,56129,4,1,0
2664,29,50064,4,0,0
2665,55,36143,4,0,1
2666,69,48911,2,0,1
2667,51,41256,2,0,0
2668,31,17484,5,0,0
2669,53,34552,5,0,0
2670,50,67791,1,0,0
2671,40,81766,3,0,0
2672,67,63026,8,0,0
2673,62,80874,3,0,0
2674,19,51708,6,1,0
2675,58,84848,1,1,0
2676,38,91090,3,0,0
2677,19,15331,2,1,0
2678,44,54430,1,0,0
2679,26,51729,2,0,1
2680,18,41518,3,0,0
2681,28,59838,4,1,0
2682,20,50823,2,1,1
2683,69,35291,2,1,1
2684,40,49468,3,1,0
2685,43,74092,5,0,0
2686,21,53651,3,1,0
2687,35,62539,3,1,0
2688,23,44459,2,1,0
2689,52,59041,1,0,1
2690,39,25816,3,0,0
2691,60,40006,4,1,0
2692,32,47947,2,0,0
2693,39,24473,1,0,0
2694,54,33396,5,1,0
2695,69,56262,2,0,1
2696,59,52597,2,0,1
2697,29,66127,5,1,0
2698,64,37990,1,0,0
2699,66,51152,3,1,0
2700,59,36563,6,0,0
2701,55,64123,4,0,0
2702,35,73815,6,0,0
2703,62,59666,0,0,0
2704,52,71224,3,1,0
2705,47,50650,5,1,0
2706,41,66112,3,0,0
2707,59,51508,4,1,0
2708,47,29501,1,1,0
2709,31,54934,7,0,0
2710,23,30094,2,1,0
2711,20,96783,4,1,1
2712,33,43318,4,1,1
2713,24,62901,1,1,0
2714,69,49752,3,0,0
2715,31,25328,3,1,0
2716,26,12030,6,0,0
2717,32,64980,4,1,0
2718,38,80987,3,0,1
2719,52,35304,3,0,0
2720,19,16866,3,1,0
2721,44,43497,3,0,0
2722,19,31258,4,0,0
2723,52,36994,3,1,0
2724,35,62207,1,0,0
2725,31,48991,4,1,0
2726,37,33410,5,1,0
2727,35,61770,5,0,0
2728,27,63337,3,1,0
2729,42,43259,3,0,0
2730,19,52758,5,0,0
2731,42,60410,3,0,0
2732,50,58522,2,0,0
2733,53,50812,3,0,0
2734,48,78652,1,0,0
2735,31,61654,4,1,1
2736,18,40986,5,0,0
2737,63,41107,3,0,1
2738,33,38838,3,0,0
2739,63,62642,1,0,0
2740,69,37545,2,0,0
2741,20,41502,2,0,0
2742,52,71160,6,0,1
2743,58,53833,5,0,0
2744,23,73971,4,1,0
2745,42,65961,6,0,0
2746,30,26467,4,1,0
2747,51,47957,1,0,0
2748,25,69799,6,1,1
2749,38,25556,2,1,0
2750,51,58394,2,1,0
2751,21,49215,3,1,0
2752,42,14904,5,0,0
2753,32,52393,3,1,0
2754,21,33251,3,0,0
2755,62,26647,1,0,0
2756,29,50183,2,1,0
2757,49,11383,3,0,0
2758,49,36514,1,0,1
2759,45,101023,1,0,0
2760,30,63004,4,0,0
2761,48,32372,2,1,1
2762,31,78083,4,0,0
2763,37,30159,4,1,0
2764,35,38926,1,0,0
2765,46,27023,3,0,0
2766,23,55122,3,1,0
2767,49,77373,1,0,0
2768,46,30020,3,1,1
2769,60,8791,2,1,0
2770,19,71819,5,0,0
2771,40,81076,5,0,0
2772,36,10098,6,1,0
2773,48,59201,3,1,1
2774,68,54530,2,0,0
2775,22,34250,1,1,0
2776,36,22113,2,1,0
2777,51,69835,1,0,0
2778,27,53581,3,0,0
2779,42,55089,4,0,1
2780,19,37565,4,0,0
2781,28,33962,1,1,0
2782,67,901,1,1,0
2783,48,45439,5,0,0
2784,32,78777,3,0,0
2785,26,32195,0,1,0
2786,40,19552,8,1,0
2787,36,58713,2,1,1
2788,26,62402,5,1,0
2789,52,38282,3,0,0
2790,38,43025,2,0,0
2791,26,55278,7,0,0
2792,45,46889,0,0,0
2793,63,70003,3,0,0
2794,68,98745,4,1,1
2795,24,15817,4,0,0
2796,33,74595,4,0,1
2797,33,52105,8,1,0
2798,50,77764,4,0,0
2799,21,64487,2,0,0
2800,21,51223,1,1,0
2801,56,65200,2,1,0
2802,57,42117,0,0,0
2803,34,34514,4,0,0
2804,54,66217,3,0,0
2805,56,33113,1,1,0
2806,69,62847,3,0,0
2807,46,50615,6,1,0
2808,69,3411,4,1,0
2809,53,38512,1,1,0
2810,55,56697,1,0,0
2811,56,41880,3,1,0
2812,67,-935,3,1,0
2813,54,76415,7,1,0
2814,69,53388,5,1,1
2815,52,58875,7,1,0
2816,24,40534,3,0,0
2817,44,60630,2,0,0
2818,45,86696,4,0,0
2819,39,35299,2,0,0
2820,31,83340,6,1,0
2821,24,57971,3,0,0
2822,54,32611,1,1,0
2823,39,94248,2,0,0
2824,22,57833,6,0,0
2825,19,63530,4,0,0
2826,44,44613,3,1,0
2827,38,34073,4,1,0
2828,55,53356,3,1,0
2829,32,81629,4,0,0
2830,38,43807,2,0,0
2831,27,49465,7,0,0
2832,40,79127,3,1,0
2833,56,43993,4,0,0
2834,22,60206,6,0,1
2835,18,67547,4,1,0
2836,30,46064,2,1,0
2837,38,56197,6,0,0
2838,43,63222,2,0,0
2839,67,41982,3,1,0
2840,62,66315,2,1,0
2841,38,39060,4,0,0
2842,35,36498,6,1,0
2843,54,19459,2,1,0
2844,62,39931,2,0,0
2845,49,33690,6,0,0
2846,53,41983,2,0,0
2847,34,62240,1,0,0
2848,52,15487,6,0,1
2849,66,10507,4,0,0
2850,28,35018,4,0,0
2851,38,59225,2,1,0
2852,69,55777,1,1,0
2853,43,34699,4,1,0
2854,21,73388,5,0,0
2855,51,36832,5,0,1
2856,69,59249,2,1,0
2857,65,42744,2,1,0
2858,35,32624,3,1,0
2859,57,37899,7,1,0
2860,52,64680,3,0,0
2861,58,57221,5,0,0
2862,46,69362,4,1,0
2863,69,57220,2,1,0
2864,46,17777,0,1,0
2865,55,92288,4,0,0
2866,59,57503,0,0,0
2867,38,60293,1,0,0
2868,59,42463,1,0,0
2869,30,72264,6,0,1
2870,66,28138,2,0,0
2871,58,62197,7,0,0
2872,34,8407,4,1,0
2873,26,63544,6,0,0
2874,58,28409,5,0,0
2875,18,55540,1,0,0
2876,19,77147,4,1,0
2877,65,66454,3,1,0
2878,46,74488,5,1,0
2879,50,72417,1,1,0
2880,27,39514,3,0,0
2881,67,61967,5,0,0
2882,57,15502,3,0,0
2883,38,36261,0,0,0
2884,45,77853,2,0,0
2885,28,42299,2,0,0
2886,51,12640,3,1,0
2887,25,90274,4,0,0
2888,39,61245,4,1,0
2889,25,65290,3,0,0
2890,66,30391,0,0,0
2891,32,55681,2,0,0
2892,34,55151,2,1,0
2893,40,33570,9,1,0
2894,41,46604,3,1,0
2895,62,19991,5,0,0
2896,36,43066,3,0,0
2897,22,69477,4,1,0
2898,49,35063,2,0,0
2899,61,88146,0,1,0
2900,18,21278,1,0,0
2901,40,44796,0,1,0
2902,54,36871,2,1,0
2903,25,46396,5,0,0
2904,30,77429,3,0,0
2905,25,30311,3,1,0
2906,40,40975,2,0,0
2907,60,63090,1,0,0
2908,18,51863,3,0,0
2909,62,53503,2,0,0
2910,68,30694,2,0,0
2911,41,48568,3,0,0
2912,52,72632,1,0,0
2913,41,17810,0,0,0
2914,34,36054,3,0,0
2915,22,13689,3,0,0
2916,37,60740,5,0,0
2917,38,74509,2,1,0
2918,57,46332,3,0,1
2919,48,29890,3,0,0
2920,63,30475,2,1,0
2921,53,44059,6,1,0
2922,28,43983,5,0,0
2923,69,68237,3,0,0
2924,32,36622,1,1,0
2925,36,58702,3,1,0
2926,24,43891,4,0,0
2927,68,35105,2,1,0
2928,45,43392,2,0,0
2929,68,56731,3,0,0
2930,60,68299,2,0,0
2931,22,44961,1,1,0
2932,22,25921,1,1,0
2933,47,69994,3,0,0
2934,49,32037,3,0,0
2935,25,55216,3,1,0
2936,27,49503,0,1,1
2937,55,46829,4,0,0
2938,64,40260,3,0,0
2939,49,62403,5,0,0
2940,65,-21641,8,1,0
2941,45,72729,3,1,1
2942,34,31750,2,1,0
2943,48,58159,5,1,1
2944,25,57101,3,0,0
2945,57,75500,0,0,0
2946,42,53955,4,1,1
2947,26,33418,1,0,0
2948,19,17905,1,0,0
2949,32,43024,2,0,0
2950,67,10836,1,0,0
2951,20,37430,3,0,0
2952,66,44147,5,0,0
2953,53,36202,4,1,0
2954,21,50835,3,1,0
2955,31,45278,3,0,0
2956,58,43446,4,0,0
2957,58,1517,3,1,0
2958,42,24106,3,0,1
2959,67,62853,2,1,0
2960,27,66085,3,0,0
2961,38,13224,4,0,0
2962,53,33706,2,0,0
2963,29,71439,8,0,0
2964,44,35639,2,0,0
2965,57,47770,1,1,0
2966,19,78836,8,0,0
2967,30,42768,2,1,0
2968,49,39906,3,0,0
2969,48,46859,1,0,0
2970,33,87068,3,0,1
2971,49,58924,6,0,0
2972,49,50382,3,0,0
2973,51,39513,2,1,0
2974,28,60776,2,0,0
2975,27,63194,2,1,0
2976,32,28536,4,1,1
2977,34,63733,3,1,0
2978,57,46977,1,0,0
2979,35,50496,5,0,1
2980,26,32314,2,1,0
2981,42,42000,3,1,0
2982,57,29397,3,0,1
2983,31,28436,5,0,0
2984,42,57542,4,0,0
2985,67,42898,6,0,0
2986,39,24007,4,0,0
2987,69,93541,1,0,1
2988,47,27507,4,0,0
2989,37,71842,2,0,0
2990,38,20471,2,1,0
2991,61,59130,5,0,0
2992,49,44989,2,0,0
2993,68,37419,2,1,0
2994,63,53935,1,0,0
2995,66,51245,4,0,0
2996,38,33751,2,0,0
2997,52,32845,4,1,0
2998,49,18522,0,0,0
2999,47,56111,3,1,0
3000,56,24924,6,1,0
3001,66,50079,3,0,0
3002,29,61850,1,0,1
3003,58,54161,4,0,0
3004,64,35537,0,0,0
3005,35,68176,2,0,0
3006,38,41841,4,0,1
3007,30,23317,1,1,0
3008,38,44325,3,0,0
3009,25,61736,5,0,0
3010,63,36512,2,0,0
3011,57,67564,1,1,1
3012,63,34593,5,1,0
3013,24,37316,1,1,0
3014,40,29078,2,0,0
3015,61,63674,2,0,0
3016,49,48935,2,0,0
3017,28,30405,2,1,0
3018,39,42076,1,1,0
3019,39,-11423,2,1,0
3020,60,65559,3,0,1
3021,42,46585,3,0,0
3022,39,1875,0,0,0
3023,45,20866,5,1,0
3024,46,41568,7,1,0
3025,30,23717,3,1,0
3026,35,65867,1,1,0
3027,19,58371,3,0,0
3028,46,57191,1,0,0
3029,38,-2087,3,0,0
3030,32,39491,3,0,0
3031,69,36048,1,1,0
3032,44,30919,5,1,0
3033,67,41696,4,1,0
3034,48,27475,0,0,0
3035,32,54304,3,0,0
3036,68,65331,1,0,0
3037,40,63608,11,1,0
3038,41,47242,0,0,0
3039,61,89985,4,1,0
3040,30,72800,3,1,0
3041,39,47969,3,0,0
3042,60,40355,0,0,0
3043,54,76761,1,0,0
3044,50,70152,4,0,1
3045,20,21791,7,1,0
3046,36,71716,1,1,0
3047,40,46913,0,1,0
3048,46,32782,2,1,0
3049,47,10416,4,1,0
3050,56,44622,2,0,0
3051,61,49755,3,1,0
3052,64,81747,3,0,0
3053,42,69145,1,0,0
3054,54,38342,3,1,0
3055,64,57787,2,0,0
3056,25,66525,4,0,0
3057,59,51719,4,0,0
3058,33,38257,2,1,0
3059,25,39357,1,0,0
3060,18,57709,3,1,0
3061,61,58260,2,0,0
3062,22,44141,5,1,0
3063,20,-2383,3,0,0
3064,18,24190,3,0,0
3065,21,62394,7,0,0
3066,57,7383,4,1,1
3067,52,73684,2,1,0
3068,49,70723,4,0,0
3069,59,50822,3,0,0
3070,51,61959,3,0,0
3071,60,60575,6,1,0
3072,42,47663,2,1,1
3073,27,22522,0,0,0
3074,38,69345,3,1,0
3075,63,78145,3,1,0
3076,56,25828,1,0,0
3077,44,21775,3,0,0
3078,44,47264,0,1,0
3079,19,37476,2,1,0
3080,58,52899,4,0,0
3081,65,74160,6,1,0
3082,30,5087,3,0,0
3083,26,81625,3,1,0
3084,69,41867,0,1,0
3085,53,60236,7,0,0
3086,39,62375,3,0,1
3087,59,64707,4,1,0
3088,43,51238,5,0,0
3089,29,55911,2,1,0
3090,34,55780,0,0,0
3091,31,37394,1,1,0
3092,31,14839,1,0,0
3093,51,25616,2,0,0
3094,37,47915,2,0,0
3095,28,34264,3,0,0
3096,33,34310,2,0,0
3097,68,85985,3,0,0
3098,48,67178,3,0,0
3099,23,44958,6,1,0
3100,36,63441,4,0,0
3101,54,41595,4,0,0
3102,21,52214,1,1,0
3103,64,58833,0,0,0
3104,21,41648,4,0,1
3105,37,36295,2,0,0
3106,27,74479,7,1,1
3107,41,62282,3,1,0
3108,52,4908,1,0,0
3109,43,36637,1,1,0
3110,54,34375,4,0,0
3111,55,37577,3,0,0
3112,38,67248,4,0,0
3113,57,50384,3,0,1
3114,56,22207,2,0,0
3115,38,42336,0,1,0
3116,27,60835,1,0,0
3117,55,45607,3,0,0
3118,63,37106,3,0,0
3119,21,56624,3,1,0
3120,62,82364,1,1,0
3121,37,59228,6,1,1
3122,34,76019,2,0,1
3123,24,38448,2,1,0
3124,21,49833,5,0,0
3125,46,49429,4,0,0
3126,31,52374,4,1,0
3127,20,58810,2,0,0
3128,41,31621,8,1,0
3129,54,62947,5,0,0
3130,33,17442,5,1,0
3131,69,23285,7,1,0
3132,21,92713,2,1,1
3133,41,39798,2,0,0
3134,51,64590,3,0,0
3135,47,83966,6,0,1
3136,35,3711,2,1,0
3137,36,72525,6,0,0
3138,48,62979,6,1,1
3139,36,82808,4,0,0
3140,66,26370,5,0,0
3141,63,79025,4,0,0
3142,36,35212,2,0,0
3143,39,71096,2,1,0
3144,41,49280,6,1,0
3145,62,65415,5,1,0
3146,29,50977,2,1,0
3147,47,13212,2,0,0
3148,55,-12411,4,1,0
3149,48,54198,3,0,0
3150,53,44725,3,0,0
3151,36,57964,6,1,0
3152,65,44957,3,1,0
3153,62,90362,4,1,0
3154,53,54611,4,1,0
3155,47,41061,4,0,0
3156,66,56747,4,0,0
3157,50,41427,5,0,0
3158,35,51859,0,0,0
3159,69,25650,3,1,0
3160,66,49828,1,1,0
3161,45,40443,3,0,0
3162,64,27545,10,1,1
3163,28,89515,3,1,0
3164,62,28325,3,0,0
3165,50,50139,2,0,0
3166,34,33944,2,0,0
3167,23,55941,1,1,0
3168,21,24512,4,0,0
3169,37,66807,4,1,0
3170,65,90723,5,0,0
3171,64,33209,6,1,0
3172,44,74339,2,1,0
3173,32,42362,2,0,0
3174,23,80116,2,0,0
3175,64,93770,2,0,1
3176,31,45326,1,1,0
3177,28,19595,2,0,0
3178,56,68962,4,0,1
3179,26,54488,4,0,0
3180,43,60036,3,1,0
3181,33,43203,2,1,0
3182,22,32310,2,0,1
3183,69,73207,2,0,0
3184,27,56396,1,0,0
3185,67,21129,2,1,0
3186,20,63738,3,0,0
3187,30,59723,2,0,0
3188,60,43494,3,1,0
3189,66,82396,5,0,0
3190,47,37637,5,1,0
3191,62,46620,1,1,1
3192,23,65373,3,0,0
3193,34,51535,6,0,0
3194,62,22312,3,0,0
3195,68,53676,3,1,0
3196,36,41712,1,1,0
3197,59,67140,2,0,0
3198,52,53024,0,1,0
3199,63,51890,2,0,0
3200,43,29035,4,1,0
3201,68,45399,5,0,0
3202,22,69402,6,0,0
3203,46,34469,6,1,0
3204,54,49349,6,0,1
3205,37,31271,3,1,0
3206,66,26323,3,1,0
3207,38,48303,5,0,0
3208,27,53476,2,0,0
3209,22,89877,4,1,0
3210,53,40891,4,0,0
3211,23,48997,4,1,0
3212,43,24999,5,1,0
3213,21,62245,4,0,0
3214,56,57962,6,0,0
3215,56,79768,3,0,0
3216,67,72232,0,0,0
3217,52,57028,2,0,0
3218,18,40599,5,0,0
3219,41,54093,1,1,0
3220,53,47780,2,0,0
3221,23,69068,7,0,0
3222,58,66525,2,0,0
3223,63,44072,5,0,0
3224,61,20760,4,1,0
3225,48,76668,2,1,0
3226,37,61637,2,0,0
3227,41,43610,1,1,0
3228,42,60857,0,0,0
3229,53,51497,2,0,1
3230,38,76372,3,0,1
3231,47,11404,3,0,0
3232,41,42056,2,1,0
3233,61,81981,3,0,0
3234,59,61264,2,0,0
3235,47,85452,5,0,0
3236,39,25564,2,1,0
3237,45,71444,3,1,0
3238,24,70244,1,0,0
3239,52,16365,4,1,0
3240,45,44090,0,1,0
3241,31,47869,1,1,0
3242,27,17609,6,0,0
3243,33,44508,3,0,0
3244,33,67464,4,0,1
3245,48,42182,5,0,1
3246,59,54843,8,1,0
3247,42,54987,7,0,0
3248,30,49757,3,1,0
3249,23,35896,3,0,0
3250,61,63176,1,0,0
3251,26,18259,7,1,0
3252,62,50172,8,1,0
3253,53,77710,1,0,1
3254,60,41053,5,1,0
3255,37,35454,3,0,0
3256,35,64510,5,0,0
3257,60,53269,2,0,0
3258,38,64909,3,0,0
3259,21,50770,4,0,0
3260,67,2234,6,1,0
3261,50,73598,1,1,0
3262,44,91401,7,0,1
3263,24,75681,3,0,0
3264,23,-20777,4,1,0
3265,32,59022,6,1,0
3266,35,40665,2,1,0
3267,49,28315,0,0,0
3268,28,52455,1,0,0
3269,37,47021,4,0,0
3270,41,60173,3,0,0
3271,32,51132,3,0,0
3272,65,27584,4,0,0
3273,24,38468,5,1,0
3274,38,35241,1,1,0
3275,59,15670,7,0,0
3276,43,22567,6,1,0
3277,61,45779,2,1,0
3278,31,78475,3,0,1
3279,54,39289,4,0,0
3280,38,34851,1,0,0
3281,35,26374,4,1,0
3282,22,50611,7,1,0
3283,20,73585,1,0,0
3284,40,90054,3,0,0
3285,43,55708,1,0,0
3286,54,52800,4,1,0
3287,41,39131,4,1,0
3288,66,42469,2,0,0
3289,36,62584,6,1,0
3290,68,43702,3,1,0
3291,42,46754,4,1,1
3292,38,49493,2,0,0
3293,29,38183,5,0,0
3294,58,48500,3,1,0
3295,50,9612,4,0,0
3296,67,60977,3,1,1
3297,21,97035,3,0,0
3298,59,38959,6,0,0
3299,24,57477,1,0,0
3300,39,67032,4,1,0
3301,50,75604,1,0,0
3302,34,44714,1,0,1
3303,41,13934,4,1,0
3304,51,55345,3,0,0
3305,45,52573,1,0,0
3306,60,43087,2,1,0
3307,58,47330,2,1,0
3308,56,52874,2,1,0
3309,39,57235,3,0,0
3310,66,56396,4,0,0
3311,34,45646,7,0,0
3312,51,57686,2,0,0
3313,23,44299,7,0,0
3314,63,62841,0,1,1
3315,23,37451,3,1,0
3316,51,51461,6,0,0
3317,18,17525,2,1,0
3318,27,42602,1,0,0
3319,38,61350,2,1,0
3320,22,29325,6,0,0
3321,19,43598,3,0,0
3322,39,1899,2,1,0
3323,65,22639,6,0,0
3324,19,27871,3,1,0
3325,27,52035,1,0,0
3326,51,56668,3,1,0
3327,33,48879,4,0,0
3328,65,42348,5,1,0
3329,68,42418,5,0,1
3330,56,64321,1,0,0
3331,39,54256,2,0,0
3332,29,43321,7,0,0
3333,41,75866,3,1,0
3334,64,89000,3,0,0
3335,57,25085,2,0,0
3336,55,60450,2,0,0
3337,27,111798,2,0,0
3338,52,55604,4,1,1
3339,68,52309,6,0,1
3340,66,48885,10,1,0
3341,49,59804,3,0,0
3342,24,65098,3,0,0
3343,38,25105,2,1,0
3344,37,49470,2,0,0
3345,43,4610,6,0,0
3346,21,45814,1,0,0
3347,63,31946,4,0,0
3348,69,56784,6,0,1
3349,39,16872,2,0,0
3350,32,39754,3,1,0
3351,57,69331,1,0,0
3352,38,36473,5,0,0
3353,32,11901,1,0,0
3354,39,55151,3,0,0
3355,69,38269,3,0,0
3356,45,46282,4,0,0
3357,31,35403,2,0,0
3358,44,89488,2,0,1
3359,58,18839,4,0,0
3360,57,106670,0,0,0
3361,45,42187,3,0,0
3362,43,53669,3,0,0
3363,66,38504,7,0,1
3364,19,37667,3,0,0
3365,42,34303,2,1,0
3366,20,62025,2,0,0
3367,25,21784,1,0,0
3368,61,57282,1,1,0
3369,50,6310,3,1,0
3370,59,55471,2,1,0
3371,69,66983,3,0,0
3372,52,24510,6,0,0
3373,23,63575,2,0,0
3374,56,51028,3,0,0
3375,69,81969,2,0,0
3376,40,32896,3,0,0
3377,42,106320,1,1,0
3378,67,2184,1,1,0
3379,60,43410,1,0,0
3380,36,16029,1,1,0
3381,22,87021,3,1,0
3382,68,44766,6,1,0
3383,28,46566,5,1,1
3384,29,58865,3,1,0
3385,27,49904,3,0,0
3386,25,38125,4,1,1
3387,41,24867,2,1,0
3388,45,53370,3,1,0
3389,58,57577,5,0,0
3390,53,63908,6,0,0
3391,54,88255,1,0,0
3392,38,6525,4,0,0
3393,25,48646,3,1,0
3394,26,73835,4,1,0
3395,64,47510,2,1,1
3396,32,3237,5,0,0
3397,65,24179,1,0,0
3398,63,56571,4,1,1
3399,57,55844,5,1,0
3400,35,63450,1,0,0
3401,59,34380,1,1,0
3402,37,55198,4,0,1
3403,23,31083,1,0,0
3404,29,55199,4,0,0
3405,19,51064,3,0,0
3406,24,33583,4,1,1
3407,33,81164,5,0,0
3408,20,15887,4,0,0
3409,62,47168,3,1,1
3410,20,33142,5,0,0
3411,44,86684,6,0,0
3412,67,61968,4,1,0
3413,60,37014,2,0,0
3414,57,44406,1,1,0
3415,55,87225,1,0,0
3416,50,31074,1,1,0
3417,45,14711,2,0,0
3418,18,55820,2,1,1
3419,25,56273,3,1,0
3420,54,63321,5,0,0
3421,49,63453,4,0,0
3422,65,85414,2,0,1
3423,60,15637,4,0,1
3424,54,25944,3,0,0
3425,21,63244,1,0,0
3426,47,27887,2,1,0
3427,23,20868,1,1,0
3428,63,87317,3,1,0
3429,36,17601,4,1,0
3430,49,42975,7,1,0
3431,26,48813,4,0,0
3432,29,76183,2,0,0
3433,28,12624,2,0,0
3434,63,58310,3,0,1
3435,33,32192,3,0,0
3436,18,62552,1,1,0
3437,62,31864,3,0,0
3438,38,81446,3,0,0
3439,47,31981,3,0,0
3440,30,760,3,0,0
3441,51,34223,3,1,0
3442,21,44774,5,0,1
3443,45,71647,3,0,0
3444,55,24832,2,1,0
3445,48,25227,4,0,0
3446,44,69212,3,1,0
3447,22,22495,1,0,0
3448,42,46420,1,1,0
3449,20,46827,4,0,0
3450,50,54352,3,0,0
3451,21,35003,2,0,0
3452,42,31460,5,1,0
3453,37,56698,7,0,1
3454,51,32080,1,0,1
3455,43,22801,4,1,0
3456,22,74556,2,1,0
3457,52,59762,3,1,0
3458,45,85350,2,1,0
3459,46,65679,0,1,0
3460,26,24637,3,0,0
3461,69,51927,4,1,0
3462,55,29687,0,0,0
3463,67,16968,0,0,0
3464,23,41056,1,0,0
3465,36,69631,3,1,1
3466,61,55498,1,0,0
3467,28,22182,2,1,0
3468,19,40353,5,1,0
3469,64,47143,3,1,1
3470,61,16218,5,0,0
3471,61,64263,3,0,0
3472,26,45425,5,1,1
3473,38,22188,4,0,0
3474,41,21057,7,1,0
3475,51,72013,2,0,0
3476,39,42384,4,0,1
3477,20,73807,2,1,0
3478,29,81443,3,1,0
3479,45,70449,2,0,0
3480,47,39331,1,0,0
3481,43,43,8,1,0
3482,65,56260,2,0,0
3483,38,91832,1,1,0
3484,45,49292,5,0,0
3485,43,10204,3,1,1
3486,50,36502,1,0,0
3487,38,46325,1,0,0
3488,52,28040,3,0,0
3489,69,-1279,5,0,1
3490,51,48043,1,0,0
3491,58,34302,1,1,0
3492,68,85454,4,1,0
3493,64,52021,5,1,0
3494,35,59392,5,1,0
3495,28,47618,6,0,0
3496,40,51875,4,1,1
3497,65,16954,0,1,0
3498,39,29197,2,0,0
3499,34,71772,3,0,0
3500,22,54189,5,0,0
3501,61,42030,1,1,0
3502,28,59723,4,1,0
3503,47,60117,3,0,0
3504,32,89818,3,0,0
3505,44,53261,7,1,1
3506,52,28750,5,0,0
3507,50,47686,1,0,0
3508,37,62151,3,0,0
3509,33,69913,5,0,0
3510,51,17699,5,0,0
3511,19,55074,6,0,0
3512,52,32055,2,0,0
3513,57,38667,4,0,0
3514,45,66917,6,0,0
3515,64,64925,1,0,0
3516,56,36437,1,0,0
3517,23,46843,1,0,0
3518,26,39278,3,0,1
3519,37,107834,4,0,0
3520,18,55567,2,0,0
3521,25,33210,2,0,0
3522,40,76443,3,1,0
3523,20,77149,5,0,0
3524,21,85833,5,0,0
3525,42,91760,2,0,0
3526,64,64154,5,0,0
3527,55,43003,1,1,0
3528,32,45948,1,0,0
3529,38,44158,4,0,1
3530,52,41925,3,0,0
3531,63,74799,4,1,1
3532,69,50014,4,0,0
3533,31,69428,5,0,0
3534,53,63530,0,0,1
3535,29,28027,6,0,0
3536,34,15656,3,1,0
3537,56,25267,4,0,0
3538,26,41466,1,0,0
3539,52,52687,1,0,0
3540,30,37034,3,0,0
3541,32,64061,6,0,0
3542,35,39446,6,0,0
3543,68,55139,2,0,0
3544,50,52352,7,0,0
3545,23,84689,1,0,0
3546,44,30495,2,0,0
3547,40,94168,4,0,0
3548,44,38113,3,0,0
3549,51,23199,7,0,0
3550,63,45662,2,1,0
3551,55,114803,1,1,0
3552,31,67904,1,0,0
3553,53,62059,6,0,0
3554,25,65904,1,1,0
3555,52,34608,1,0,0
3556,36,56521,1,0,0
3557,47,50050,3,0,0
3558,31,86181,4,0,0
3559,37,47826,2,1,0
3560,66,42434,3,0,0
3561,42,26704,4,1,0
3562,57,52800,3,0,1
3563,41,55859,3,0,0
3564,31,25968,2,0,1
3565,43,59063,3,0,1
3566,55,54664,4,1,0
3567,40,70269,3,1,0
3568,39,74247,3,0,0
3569,65,51886,2,0,1
3570,36,29273,4,0,0
3571,63,33388,4,1,0
3572,68,85243,2,1,0
3573,20,53310,6,0,0
3574,59,84923,1,0,0
3575,36,59972,3,1,0
3576,26,65075,3,0,0
3577,45,68774,4,1,0
3578,37,25537,4,0,0
3579,62,56139,6,1,0
3580,24,25260,1,0,0
3581,31,44302,4,1,0
3582,26,62803,2,0,0
3583,36,29493,4,0,0
3584,64,61187,5,1,0
3585,69,20033,4,0,0
3586,31,72866,2,1,0
3587,55,36711,5,1,0
3588,53,29458,2,0,0
3589,57,21293,5,0,0
3590,34,38413,1,0,0
3591,47,11848,2,0,0
3592,26,39032,4,0,0
3593,50,71990,2,0,0
3594,69,46226,3,0,0
3595,42,26450,1,1,0
3596,31,54525,4,1,1
3597,28,52758,1,0,0
3598,52,89132,2,0,0
3599,58,65814,0,1,0
3600,31,56112,1,0,0
3601,47,68101,3,1,1
3602,58,47312,4,1,0
3603,21,48492,0,0,0
3604,21,83179,8,0,0
3605,45,17288,3,0,0
3606,25,69359,3,1,0
3607,19,47784,3,0,0
3608,58,44170,1,1,0
3609,63,38942,4,0,0
3610,39,53073,3,0,0
3611,58,49129,3,0,0
3612,33,41706,3,0,0
3613,46,35947,3,0,0
3614,66,11893,2,1,0
3615,65,35524,2,1,0
3616,47,39754,3,1,1
3617,29,53025,3,1,0
3618,52,89262,5,0,0
3619,28,37681,1,1,1
3620,63,29525,1,0,0
3621,67,35710,3,0,0
3622,38,53067,2,0,0
3623,38,61773,4,0,0
3624,22,64567,3,0,0
3625,65,66554,3,1,0
3626,37,69385,1,0,0
3627,54,44422,2,1,0
3628,20,91063,5,0,0
3629,61,42905,2,1,0
3630,50,52187,3,1,0
3631,26,75917,2,0,1
3632,26,61329,3,0,0
3633,21,5183,1,0,0
3634,52,50113,4,1,1
3635,34,67239,2,1,1
3636,51,23131,3,1,0
3637,41,65014,1,0,0
3638,49,57803,1,0,0
3639,18,73678,1,0,0
3640,25,36161,3,0,0
3641,62,69918,0,0,1
3642,40,53192,2,0,0
3643,64,85321,2,1,1
3644,57,105721,3,0,1
3645,29,80767,5,0,0
3646,29,59610,3,1,0
3647,63,96420,5,0,0
3648,64,62070,5,1,0
3649,32,31841,1,1,0
3650,58,49215,5,0,0
3651,36,65233,3,1,1
3652,43,66519,0,1,0
3653,69,27495,4,0,0
3654,46,28129,2,0,0
3655,39,43174,6,1,0
3656,57,60691,1,1,1
3657,38,63251,2,0,0
3658,68,52826,1,0,0
3659,55,33311,2,0,0
3660,37,84739,4,1,0
3661,46,28559,5,1,0
3662,68,76047,1,1,0
3663,21,64776,6,0,0
3664,24,75607,7,0,0
3665,45,41111,2,1,0
3666,45,47147,2,0,0
3667,21,51101,6,0,0
3668,39,40472,4,0,0
3669,29,54505,5,1,0
3670,62,81582,2,1,0
3671,20,24063,1,1,0
3672,39,36856,5,1,0
3673,61,34685,6,0,0
3674,19,48112,3,1,0
3675,41,47289,2,0,0
3676,51,65446,2,1,0
3677,44,50674,4,1,0
3678,58,56058,5,1,0
3679,18,57969,4,1,0
3680,25,54908,7,0,0
3681,40,64066,2,0,0
3682,55,47554,3,0,1
3683,23,82927,4,0,0
3684,39,100832,2,1,0
3685,42,64125,2,0,0
3686,35,54560,3,1,1
3687,34,62492,1,0,0
3688,29,27979,2,0,0
3689,23,53602,3,1,0
3690,43,35374,3,0,0
3691,44,60200,4,0,0
3692,25,35473,6,1,0
3693,36,43104,2,1,0
3694,59,12561,5,1,0
3695,18,26535,2,0,0
3696,46,57097,2,1,0
3697,62,32623,3,0,0
3698,66,71275,4,0,0
3699,52,30922,3,0,1
3700,57,59065,4,1,1
3701,31,34762,4,0,0
3702,52,57709,5,1,0
3703,65,19304,3,0,0
3704,62,40936,2,0,0
3705,37,33076,5,0,0
3706,66,67665,4,0,0
3707,30,59245,1,0,0
3708,55,25348,0,1,0
3709,66,45936,3,0,0
3710,63,34554,5,1,0
3711,66,69005,4,0,0
3712,25,75430,9,1,0
3713,60,21167,1,0,1
3714,37,66534,2,0,0
3715,50,33534,3,0,0
3716,43,44942,7,0,0
3717,56,50645,4,0,0
3718,38,86332,6,0,0
3719,66,29923,3,1,0
3720,59,66695,4,0,0
3721,60,26570,2,0,0
3722,58,25188,1,0,0
3723,26,50569,1,1,0
3724,41,50435,2,1,0
3725,54,-6646,1,0,0
3726,66,73192,3,1,0
3727,58,7218,1,0,0
3728,34,47081,2,1,0
3729,41,76552,2,1,1
3730,38,94184,2,1,1
3731,68,42739,5,0,0
3732,56,21341,2,0,1
3733,58,75811,5,1,0
3734,56,67303,5,1,0
3735,30,40220,3,0,0
3736,28,37685,4,1,0
3737,63,35652,2,0,0
3738,36,43108,0,1,0
3739,28,56321,1,0,0
3740,30,38680,5,0,0
3741,63,41208,5,0,0
3742,62,62826,5,0,0
3743,18,20352,2,1,0
3744,57,42481,10,1,1
3745,61,16481,0,0,0
3746,36,52168,4,0,0
3747,29,11212,1,1,0
3748,25,67800,3,0,0
3749,25,23707,3,0,0
3750,62,14548,4,0,0
3751,29,42728,1,1,1
3752,65,84222,0,0,0
3753,50,64224,4,1,0
3754,62,11554,3,0,0
3755,43,23137,5,1,0
3756,56,42088,4,0,0
3757,45,94767,2,1,1
3758,22,31221,4,1,0
3759,25,31382,0,1,1
3760,42,80549,1,1,0
3761,44,53898,4,0,0
3762,63,71060,0,1,0
3763,40,35458,6,0,0
3764,47,47967,4,0,0
3765,62,76313,6,0,0
3766,64,47103,4,1,0
3767,40,72461,4,0,0
3768,66,57745,0,1,0
3769,64,29207,2,0,0
3770,37,49674,3,1,0
3771,35,69628,1,0,0
3772,35,63388,2,1,0
3773,19,49195,3,0,0
3774,21,12166,2,1,0
3775,47,14080,3,1,0
3776,50,18334,1,0,0
3777,53,39791,4,0,0
3778,35,42458,2,0,0
3779,54,20492,1,1,0
3780,36,70450,4,0,0
3781,64,24725,1,0,0
3782,45,22589,6,1,0
3783,57,51765,3,1,1
3784,37,69478,3,0,0
3785,66,91097,5,0,0
3786,50,61651,3,0,0
3787,29,81597,5,0,0
3788,68,25759,2,1,0
3789,32,93195,3,0,0
3790,58,12770,6,0,0
3791,56,39923,6,0,0
3792,19,61213,3,0,0
3793,46,17896,3,0,0
3794,58,31459,3,1,0
3795,27,28282,1,1,0
3796,19,43796,5,1,0
3797,68,78432,3,0,0
3798,28,50337,4,1,0
3799,30,40739,1,0,0
3800,27,-7686,3,1,0
3801,31,59335,5,1,0
3802,35,65800,3,0,0
3803,68,16000,1,0,0
3804,26,48661,3,1,0
3805,56,53860,3,0,0
3806,45,69292,4,0,0
3807,20,35505,2,1,0
3808,37,32493,6,1,1
3809,23,40870,2,0,0
3810,44,75689,4,0,0
3811,19,70877,2,0,0
3812,46,49573,7,0,1
3813,55,70396,7,1,1
3814,20,2626,2,1,1
3815,33,65833,5,1,0
3816,47,27625,3,0,0
3817,57,85340,3,0,0
3818,19,28715,1,0,0
3819,34,32945,2,1,1
3820,58,61248,4,1,0
3821,29,63179,5,1,1
3822,52,41073,2,1,0
3823,60,57428,2,0,0
3824,18,59908,0,0,0
3825,62,57862,5,0,0
3826,32,41909,2,0,0
3827,43,60104,2,1,0
3828,54,78127,4,1,0
3829,38,25490,6,1,0
3830,66,33199,1,1,0
3831,48,50545,2,0,0
3832,42,28876,1,1,0
3833,40,13932,2,0,0
3834,41,71862,2,0,0
3835,55,5424,1,1,0
3836,45,41952,4,0,0
3837,38,65179,2,0,0
3838,60,55334,2,1,0
3839,35,42255,0,0,0
3840,53,28051,2,1,0
3841,52,56877,4,0,1
3842,62,30232,3,1,0
3843,26,55319,1,1,0
3844,55,52818,7,0,0
3845,47,53021,2,0,0
3846,61,37194,3,1,0
3847,51,90700,3,1,0
3848,49,57164,5,0,0
3849,20,44426,1,1,0
3850,20,55285,3,0,1
3851,45,34511,1,0,0
3852,61,42274,3,0,1
3853,32,97838,3,0,0
3854,58,34652,5,0,0
3855,40,48445,5,0,0
3856,57,40878,2,0,0
3857,28,29207,1,1,1
3858,65,58422,2,0,1
3859,49,50729,1,0,0
3860,53,68221,4,0,1
3861,50,66212,5,0,1
3862,41,68014,5,1,0
3863,56,31636,0,0,0
3864,51,62819,5,0,0
3865,45,63305,1,1,0
3866,54,29579,2,1,0
3867,24,43628,2,1,0
3868,21,20878,0,0,0
3869,54,63392,3,0,0
3870,18,63300,1,0,0
3871,18,78607,4,0,0
3872,64,45424,3,0,0
3873,37,59029,3,0,0
3874,36,69755,5,1,0
3875,46,34922,3,1,0
3876,27,31881,4,0,0
3877,35,35542,1,1,0
3878,45,43014,1,1,0
3879,52,32589,4,1,0
3880,60,36403,2,1,0
3881,64,67618,3,0,0
3882,48,48073,1,0,0
3883,44,56134,3,0,0
3884,28,38986,4,0,0
3885,66,37673,2,0,0
3886,66,55711,4,0,0
3887,55,52521,9,1,0
3888,22,65560,4,0,0
3889,25,76032,2,1,1
3890,51,36172,5,0,0
3891,65,67224,0,0,1
3892,69,28404,2,1,0
3893,29,91476,2,0,1
3894,55,34274,4,1,0
3895,18,63813,1,1,0
3896,48,28255,3,0,1
3897,21,46958,7,0,0
3898,66,80915,1,0,0
3899,62,33646,3,0,0
3900,67,94084,3,1,0
3901,22,49894,3,1,0
3902,47,69514,1,0,0
3903,41,58059,1,0,0
3904,20,59141,2,0,0
3905,28,21478,7,1,0
3906,62,40543,5,0,0
3907,21,73920,5,0,0
3908,43,43114,2,0,0
3909,44,52777,8,0,0
3910,63,19052,5,0,0
3911,60,39248,4,1,0
3912,44,72461,3,0,0
3913,59,24347,5,1,0
3914,68,64342,2,0,0
3915,67,53556,4,0,0
3916,23,45281,0,0,0
3917,32,44402,2,1,0
3918,47,40179,3,1,1
3919,59,41961,7,0,0
3920,54,68595,5,1,0
3921,54,41359,5,0,0
3922,59,86152,3,1,0
3923,54,55991,1,0,0
3924,52,38475,2,1,0
3925,40,69467,2,0,0
3926,23,62478,5,0,0
3927,21,16916,1,0,0
3928,35,29311,3,1,0
3929,26,47692,2,0,0
3930,66,18328,2,0,0
3931,46,91811,3,1,0
3932,30,66445,5,0,0
3933,64,49733,3,0,1
3934,69,43146,1,1,0
3935,34,38007,3,0,0
3936,62,10719,1,0,0
3937,49,15343,3,1,0
3938,65,88022,2,1,1
3939,39,81472,5,0,1
3940,21,38484,4,0,0
3941,22,68160,5,0,0
3942,54,60128,1,0,0
3943,58,62486,1,1,0
3944,66,21496,1,1,0
3945,30,13836,2,0,0
3946,51,73652,2,0,0
3947,62,10414,1,1,0
3948,39,47036,1,0,0
3949,40,42646,4,0,0
3950,68,40797,6,0,0
3951,20,56289,3,1,0
3952,59,36448,1,1,1
3953,51,57915,6,0,0
3954,49,52823,2,0,0
3955,62,91975,3,1,1
3956,68,22292,7,0,0
3957,66,50585,3,1,0
3958,38,58627,5,1,0
3959,63,44872,4,1,0
3960,61,23258,4,1,0
3961,38,75142,4,0,0
3962,61,56739,6,0,0
3963,28,24662,3,1,0
3964,56,58773,3,0,1
3965,21,84031,4,0,0
3966,68,49274,7,1,0
3967,18,49956,2,0,1
3968,45,81360,1,0,1
3969,41,30592,2,0,0
3970,52,84551,3,0,1
3971,30,69458,2,1,0
3972,64,31516,3,1,1
3973,51,36635,4,0,1
3974,28,39504,0,0,0
3975,53,13329,5,1,0
3976,68,55209,0,1,0
3977,34,32421,5,0,0
3978,52,55931,4,1,1
3979,35,24181,4,1,0
3980,57,68460,4,1,1
3981,39,64753,2,0,0
3982,41,35882,1,1,0
3983,36,57193,2,0,0
3984,54,51658,5,1,0
3985,56,79646,2,0,0
3986,38,29350,1,0,0
3987,25,46954,5,0,0
3988,45,37186,3,0,0
3989,22,50896,1,0,1
3990,34,60665,0,1,0
3991,54,36964,5,1,0
3992,53,42718,3,1,1
3993,36,69321,3,1,0
3994,44,77146,2,0,0
3995,51,59870,2,0,0
3996,28,47241,3,0,0
3997,62,45338,2,0,0
3998,64,60963,5,0,0
3999,29,54555,3,1,0
4000,38,17020,4,0,0
4001,28,61448,3,0,0
4002,56,32789,5,1,1
4003,45,21661,1,0,0
4004,22,16633,3,0,0
4005,34,45678,4,0,0
4006,37,29670,2,0,0
4007,58,3473,1,0,0
4008,63,42831,1,1,0
4009,29,40189,3,0,0
4010,23,47002,3,0,0
4011,34,37422,1,0,0
4012,68,86587,6,0,0
4013,36,60347,2,0,0
4014,43,40008,1,1,0
4015,65,48727,6,0,0
4016,61,78293,3,0,0
4017,61,69132,1,0,1
4018,69,22076,2,0,0
4019,49,30514,2,0,0
4020,23,34363,4,1,0
4021,53,41206,3,0,1
4022,55,38092,3,0,0
4023,28,50680,5,0,0
4024,50,64714,1,1,0
4025,41,68053,3,0,0
4026,40,43464,5,0,0
4027,32,17306,3,0,0
4028,44,29192,3,0,0
4029,28,39605,2,0,0
4030,68,25099,4,1,0
4031,67,72817,4,0,0
4032,34,26409,4,1,0
4033,68,62341,0,1,0
4034,31,16362,4,1,0
4035,44,63144,2,0,0
4036,35,47215,2,1,0
4037,45,80251,5,1,0
4038,68,27369,3,1,0
4039,64,38718,2,0,0
4040,64,42591,5,0,0
4041,21,46950,2,0,0
4042,24,43080,1,0,0
4043,62,43466,3,1,0
4044,52,43139,3,1,0
4045,65,8576,1,1,0
4046,26,69867,3,0,0
4047,25,107223,1,0,0
4048,69,55965,4,1,0
4049,62,27285,3,0,0
4050,34,29309,4,0,0
4051,34,62263,3,1,0
4052,66,57709,6,1,0
4053,50,44314,1,0,0
4054,49,65068,3,1,0
4055,25,8722,5,1,0
4056,36,65081,2,0,0
4057,55,54755,3,0,0
4058,20,30081,2,0,0
4059,22,21334,5,1,0
4060,30,52427,0,1,0
4061,64,78145,1,1,0
4062,63,45438,3,1,0
4063,48,32946,3,0,0
4064,33,53826,4,0,0
4065,67,86417,4,1,0
4066,49,58626,4,1,0
4067,39,60788,5,1,0
4068,46,74456,3,1,0
4069,39,59451,4,0,0
4070,60,34381,0,1,0
4071,20,15109,4,1,0
4072,27,31567,4,1,0
4073,59,27905,1,0,0
4074,38,63186,5,0,0
4075,33,65967,2,1,0
4076,29,53511,2,0,0
4077,19,24626,3,1,0
4078,58,85732,4,0,0
4079,41,41676,4,0,1
4080,52,62070,2,0,0
4081,47,50986,1,0,0
4082,47,54173,5,0,0
4083,64,61364,4,0,0
4084,52,36080,5,0,0
4085,36,76108,3,0,0
4086,67,18410,3,0,0
4087,25,29229,2,1,0
4088,43,75849,3,1,0
4089,66,61800,1,1,0
4090,57,100808,2,0,0
4091,24,51367,4,0,0
4092,47,84009,2,1,0
4093,24,12850,5,0,0
4094,20,21730,4,0,0
4095,18,67911,2,1,1
4096,53,15193,4,1,0
4097,42,46053,1,0,0
4098,54,73344,4,0,0
4099,18,60023,2,1,0
4100,32,50222,7,0,1
4101,54,41018,3,0,0
4102,30,54045,2,0,0
4103,57,61545,6,0,0
4104,25,36782,1,0,0
4105,22,57435,2,0,0
4106,26,71569,4,1,0
4107,18,45550,7,0,0
4108,53,51362,5,0,0
4109,52,59676,2,1,0
4110,19,61027,4,0,1
4111,57,67569,5,1,1
4112,40,29713,2,1,0
4113,26,39422,2,0,0
4114,51,40162,1,1,0
4115,63,31922,1,1,0
4116,31,14032,3,0,0
4117,21,-15090,4,1,0
4118,47,73909,2,0,0
4119,48,18922,1,1,1
4120,55,81330,1,1,0
4121,28,64788,5,1,0
4122,52,41886,1,0,0
4123,25,62328,2,0,0
4124,20,58503,2,0,0
4125,31,27965,1,0,0
4126,30,49700,4,1,0
4127,62,30403,2,0,0
4128,49,63083,2,1,1
4129,51,35696,2,1,1
4130,62,48067,4,0,0
4131,36,47204,8,1,1
4132,55,52432,2,0,0
4133,33,83251,3,1,1
4134,19,45181,3,0,0
4135,57,74359,0,1,0
4136,34,59600,3,0,0
4137,51,78368,3,1,0
4138,59,43231,7,0,0
4139,33,63923,3,0,0
4140,55,48815,2,0,0
4141,19,-9788,0,0,0
4142,19,28203,5,0,0
4143,43,61648,2,0,0
4144,30,60325,2,0,0
4145,64,24100,3,1,1
4146,48,54407,2,0,1
4147,51,60065,1,0,0
4148,56,49307,5,0,0
4149,20,64576,2,1,1
4150,25,61851,2,0,0
4151,40,49297,4,1,1
4152,31,39784,1,0,0
4153,44,70851,1,0,0
4154,46,59263,3,0,0
4155,56,22371,1,0,0
4156,56,54418,2,1,0
4157,18,26980,5,0,0
4158,34,30709,3,1,0
4159,58,36962,2,0,0
4160,47,50897,1,0,0
4161,30,57490,4,1,0
4162,38,41821,5,0,0
4163,36,42696,3,0,0
4164,36,39935,6,1,0
4165,42,70950,5,0,0
4166,39,-7059,4,0,0
4167,48,43826,4,1,1
4168,34,80900,2,1,0
4169,40,60345,3,0,1
4170,49,75337,6,1,1
4171,27,9315,3,1,0
4172,27,25155,1,1,1
4173,53,60281,5,0,0
4174,25,81013,3,0,0
4175,69,27175,1,1,0
4176,37,42245,2,0,0
4177,49,58029,2,0,0
4178,67,20950,1,0,0
4179,31,60434,4,0,0
4180,67,-3514,3,0,0
4181,45,59845,5,1,0
4182,63,30098,2,1,0
4183,69,41048,2,0,0
4184,41,63038,1,0,0
4185,32,58945,5,0,0
4186,39,49840,4,1,0
4187,47,69381,3,0,1
4188,21,15996,5,0,0
4189,30,54088,2,0,1
4190,40,34197,4,0,0
4191,25,68361,1,1,0
4192,35,63741,0,0,0
4193,29,64467,3,0,0
4194,48,82908,3,0,0
4195,31,72527,6,1,1
4196,51,46852,2,0,0
4197,35,49975,4,1,0
4198,51,62019,2,1,0
4199,28,52723,1,1,1
4200,58,64103,5,1,0
4201,29,5394,4,0,0
4202,66,87616,1,0,1
4203,32,51221,2,0,0
4204,48,17551,5,1,0
4205,66,31724,1,1,0
4206,46,7413,3,0,0
4207,43,28195,5,1,0
4208,35,47155,2,1,1
4209,49,80294,2,1,0
4210,39,58213,3,0,0
4211,55,54657,2,0,0
4212,34,27298,3,1,0
4213,40,33510,2,0,0
4214,41,35061,4,0,0
4215,67,35877,3,0,1
4216,25,42969,4,1,0
4217,58,44480,5,0,0
4218,23,43218,3,1,0
4219,22,36574,1,1,0
4220,61,52701,1,1,0
4221,46,43712,2,0,0
4222,45,18089,3,0,0
4223,28,50688,5,0,0
4224,18,47665,2,0,0
4225,60,18407,1,0,0
4226,36,38174,7,0,0
4227,26,61941,5,1,0
4228,44,27271,2,0,0
4229,51,25156,2,1,0
4230,61,43502,2,0,0
4231,21,62459,2,0,0
4232,53,86207,1,0,0
4233,35,63179,3,0,0
4234,32,71697,2,1,0
4235,68,56934,6,0,0
4236,30,36298,6,1,0
4237,36,63034,2,0,0
4238,66,48288,5,1,0
4239,23,57541,1,0,0
4240,65,31079,3,0,0
4241,29,59329,5,0,0
4242,68,47590,2,0,1
4243,54,54625,2,1,0
4244,34,48299,0,0,0
4245,40,44456,3,1,0
4246,43,59694,5,0,0
4247,46,41878,2,0,0
4248,50,18226,4,1,0
4249,44,12521,1,0,0
4250,42,53688,4,0,0
4251,27,41056,3,1,0
4252,64,15418,5,0,0
4253,40,52131,5,0,0
4254,38,48123,0,0,0
4255,38,40008,1,0,1
4256,60,54936,3,1,0
4257,30,76302,3,1,0
4258,54,75692,6,0,0
4259,50,52875,0,1,0
4260,41,48306,4,1,0
4261,61,53155,5,0,0
4262,28,56180,1,0,0
4263,34,44634,5,0,0
4264,21,53491,4,1,1
4265,64,18527,2,1,0
4266,42,51627,7,0,0
4267,47,59536,2,0,0
4268,26,40203,2,0,0
4269,38,48091,2,0,0
4270,37,27770,2,0,0
4271,36,24994,5,0,0
4272,36,54216,3,1,0
4273,29,35409,0,0,0
4274,54,14463,0,0,0
4275,59,27764,1,1,0
4276,34,30672,5,0,0
4277,54,65492,5,1,0
4278,65,53582,1,0,0
4279,56,32568,5,1,0
4280,45,38245,3,0,0
4281,58,76242,5,0,1
4282,52,68722,5,1,0
4283,64,27639,2,0,0
4284,65,73271,4,1,0
4285,35,48387,1,0,0
4286,31,65992,2,0,0
4287,52,46734,4,0,0
4288,61,73717,5,0,0
4289,58,26808,1,0,0
4290,24,44891,1,1,0
4291,58,74329,1,1,0
4292,30,2148,1,0,0
4293,35,49079,1,0,0
4294,54,42129,2,0,0
4295,30,63693,2,1,1
4296,53,71398,5,1,0
4297,48,64606,2,0,0
4298,19,54820,5,1,0
4299,33,50811,4,0,0
4300,26,43146,6,0,0
4301,26,54199,6,0,0
4302,55,79193,6,1,0
4303,28,33390,1,0,0
4304,39,41958,2,1,1
4305,50,48490,5,1,1
4306,53,70019,5,0,0
4307,62,54466,2,1,0
4308,40,69670,5,1,1
4309,62,70682,4,1,0
4310,62,61841,3,0,0
4311,51,28720,2,0,0
4312,26,83222,2,0,0
4313,41,78248,2,0,0
4314,25,51271,2,1,0
4315,24,22365,3,1,0
4316,53,18790,6,1,0
4317,35,55086,1,0,0
4318,20,35965,4,1,0
4319,45,15656,1,0,0
4320,23,18413,2,1,1
4321,61,40600,4,0,0
4322,61,53899,2,0,0
4323,38,78114,2,1,0
4324,45,59684,6,0,0
4325,57,42372,4,1,0
4326,18,57599,1,1,0
4327,53,55811,1,1,0
4328,38,64791,3,0,0
4329,60,49201,3,1,0
4330,52,70724,3,1,0
4331,30,66489,4,0,0
4332,66,51654,0,1,0
4333,27,47616,3,0,0
4334,61,68395,3,0,0
4335,64,35731,2,1,0
4336,27,19868,5,1,0
4337,63,19754,2,0,0
4338,30,34073,4,1,0
4339,54,63193,3,1,1
4340,55,41544,1,0,0
4341,41,54090,1,0,0
4342,19,40094,3,1,0
4343,39,40253,1,1,0
4344,34,29491,3,1,0
4345,53,48162,7,1,0
4346,31,46497,2,0,0
4347,27,58253,4,1,0
4348,52,55754,2,0,1
4349,42,46057,2,0,0
4350,20,19878,2,1,0
4351,64,71412,1,1,0
4352,55,48299,2,1,0
4353,34,51593,4,1,0
4354,29,82010,2,0,0
4355,69,68164,2,0,0
4356,41,58929,0,1,0
4357,46,49954,1,0,0
4358,60,49767,3,0,0
4359,42,54802,4,1,0
4360,53,58138,3,0,0
4361,43,84228,4,0,0
4362,55,99465,3,1,1
4363,18,55805,7,0,0
4364,37,6934,1,0,0
4365,45,30965,3,1,0
4366,33,86230,0,0,0
4367,64,64373,3,1,1
4368,34,58521,4,1,0
4369,57,46663,2,0,0
4370,45,26220,1,1,0
4371,29,83556,3,0,0
4372,44,33536,5,1,0
4373,59,64586,6,0,0
4374,64,23986,4,0,0
4375,47,45693,0,0,0
4376,58,69859,4,1,0
4377,51,45006,2,1,0
4378,54,42631,2,1,0
4379,23,50213,2,0,0
4380,24,23280,3,1,0
4381,49,19517,3,0,0
4382,49,64285,4,1,0
4383,42,41556,1,0,0
4384,50,64130,1,0,0
4385,24,72364,2,0,0
4386,69,73973,3,0,1
4387,29,17580,3,1,0
4388,33,36043,5,0,0
4389,33,60752,3,0,0
4390,60,61060,0,0,0
4391,53,94989,5,0,0
4392,30,31848,1,0,0
4393,24,73363,2,0,0
4394,53,57445,5,1,0
4395,64,17195,4,0,0
4396,68,39044,1,1,0
4397,26,55251,4,0,0
4398,49,15913,10,0,0
4399,28,8522,3,0,0
4400,25,14775,3,0,0
4401,50,55183,7,0,1
4402,40,40307,4,1,0
4403,42,37601,2,1,0
4404,25,38288,5,0,0
4405,62,21518,3,1,0
4406,39,40872,2,0,0
4407,21,13592,5,1,0
4408,57,73753,3,1,0
4409,20,83847,5,0,0
4410,46,3479,4,0,0
4411,58,40617,2,1,0
4412,46,41920,3,0,0
4413,51,46510,2,1,0
4414,51,70031,4,1,0
4415,45,40676,3,1,0
4416,30,48235,2,0,0
4417,32,109581,3,0,0
4418,40,47774,2,1,0
4419,61,85325,3,1,0
4420,43,60040,2,0,0
4421,21,38926,3,0,0
4422,43,35585,4,1,0
4423,57,49855,2,1,1
4424,26,27471,0,1,0
4425,22,32723,0,1,1
4426,49,41539,1,0,0
4427,37,55867,2,0,0
4428,67,86520,1,0,0
4429,28,40301,1,0,0
4430,32,59230,4,0,0
4431,49,17442,0,0,0
4432,45,71206,3,1,0
4433,39,15566,3,1,0
4434,58,65968,1,0,0
4435,34,48382,2,1,1
4436,43,47587,2,1,0
4437,61,43995,0,0,0
4438,24,23975,3,1,0
4439,59,25035,3,0,0
4440,43,66730,3,1,0
4441,42,50239,3,0,0
4442,27,43849,1,1,0
4443,62,58868,3,0,0
4444,36,52026,4,1,0
4445,28,34141,2,0,1
4446,30,99220,2,0,0
4447,25,64815,7,1,0
4448,57,52541,1,1,0
4449,21,39728,10,1,0
4450,64,69055,1,0,0
4451,48,34249,0,0,0
4452,45,32565,3,1,1
4453,28,83867,3,0,1
4454,60,50614,3,0,0
4455,18,34733,3,1,1
4456,66,50114,4,0,1
4457,64,67004,1,0,0
4458,69,62425,3,0,1
4459,55,69485,5,1,0
4460,41,25009,2,1,0
4461,64,68983,3,1,1
4462,48,46419,2,0,1
4463,58,51782,1,0,0
4464,63,74190,2,1,0
4465,67,64055,5,1,0
4466,43,57021,3,1,0
4467,66,10320,1,0,0
4468,67,49090,1,1,0
4469,22,34306,5,0,0
4470,37,64221,2,0,0
4471,69,69819,3,0,1
4472,58,43959,5,0,0
4473,28,36659,0,1,0
4474,50,81126,5,0,1
4475,67,37937,3,0,0
4476,55,26109,1,0,0
4477,44,33347,2,1,0
4478,51,38900,3,1,0
4479,32,32773,4,0,0
4480,49,66908,4,0,0
4481,38,6042,3,0,0
4482,63,32349,2,0,0
4483,22,49050,1,0,0
4484,23,54205,6,1,0
4485,55,83837,5,0,0
4486,39,80905,0,0,0
4487,35,17985,1,0,0
4488,31,11839,3,0,0
4489,27,50499,5,1,0
4490,63,36536,1,1,0
4491,30,26159,3,0,0
4492,48,50322,5,1,1
4493,47,54614,1,0,0
4494,20,33221,3,0,0
4495,47,37518,2,1,0
4496,23,34759,5,0,0
4497,46,41770,4,1,0
4498,25,60829,1,0,0
4499,61,28442,6,1,0
4500,62,37186,2,0,0
4501,60,42014,2,0,0
4502,61,49865,4,0,0
4503,50,55520,1,0,0
4504,34,90845,3,0,0
4505,65,61443,3,0,0
4506,28,61919,3,0,0
4507,30,44668,3,0,0
4508,67,30403,4,0,0
4509,28,39436,4,1,0
4510,48,35793,3,0,0
4511,45,57845,3,1,0
4512,61,16974,4,1,0
4513,23,61851,3,1,0
4514,58,47655,2,1,0
4515,33,64667,3,0,0
4516,21,35522,3,1,0
4517,52,31973,2,0,0
4518,65,41867,3,0,0
4519,43,41387,3,0,0
4520,29,66127,4,0,0
4521,28,65936,7,1,0
4522,54,88100,3,0,0
4523,42,40090,4,0,0
4524,35,-16951,3,1,0
4525,36,41812,4,1,0
4526,40,54613,4,1,0
4527,55,64291,2,1,0
4528,35,56072,3,0,1
4529,43,40074,3,1,0
4530,23,84283,1,0,0
4531,21,29325,1,0,0
4532,61,44507,2,1,0
4533,68,28402,2,0,0
4534,46,50392,4,1,0
4535,51,81780,2,0,0
4536,34,47181,2,0,0
4537,60,47304,3,1,0
4538,60,16081,2,1,0
4539,33,44260,1,1,0
4540,19,73010,3,0,0
4541,51,44995,2,0,0
4542,25,43644,2,0,0
4543,30,72114,2,0,0
4544,59,43729,5,1,0
4545,25,75841,2,1,0
4546,47,24307,2,1,1
4547,49,63557,3,0,0
4548,53,82927,3,0,0
4549,64,70157,4,1,0
4550,47,12655,3,1,0
4551,18,37234,4,1,0
4552,60,45161,3,0,0
4553,56,70199,1,0,0
4554,34,23368,3,1,0
4555,37,29621,3,1,0
4556,41,17897,1,1,0
4557,67,33484,3,0,0
4558,39,24968,2,0,0
4559,46,81958,0,1,0
4560,39,37052,0,1,1
4561,61,63819,2,1,0
4562,26,50359,4,0,0
4563,54,50079,2,0,0
4564,27,38171,4,0,1
4565,53,65400,1,0,0
4566,54,53087,3,1,0
4567,45,51935,3,0,0
4568,45,38132,0,1,0
4569,59,41404,1,1,0
4570,60,61778,4,0,0
4571,38,54601,3,0,0
4572,41,52469,1,0,0
4573,59,34919,1,0,0
4574,57,88882,4,0,0
4575,19,40406,3,1,0
4576,25,49395,6,0,0
4577,65,46259,5,0,0
4578,44,89094,3,0,1
4579,39,44184,3,0,0
4580,54,42353,2,0,0
4581,44,52366,2,0,0
4582,46,36129,1,1,1
4583,20,52232,0,0,0
4584,61,97432,6,0,1
4585,30,55994,1,1,0
4586,62,55265,4,0,0
4587,27,35642,4,1,0
4588,53,84184,1,1,0
4589,26,88781,5,0,0
4590,44,67054,2,0,0
4591,51,63077,4,1,0
4592,68,45305,1,0,1
4593,18,57827,3,0,0
4594,49,33297,8,0,0
4595,42,27478,4,0,0
4596,46,20253,0,0,0
4597,24,58213,4,0,0
4598,66,22433,6,0,0
4599,20,40007,2,1,0
4600,37,48775,4,1,0
4601,37,69906,1,1,0
4602,47,38436,1,0,1
4603,52,72265,2,1,0
4604,52,68783,2,1,0
4605,66,28574,4,0,0
4606,56,72457,3,0,0
4607,44,44328,1,0,0
4608,43,40021,5,1,0
4609,31,44413,6,1,0
4610,34,49930,3,1,0
4611,35,41699,3,1,0
4612,62,33206,3,1,0
4613,69,34975,5,1,0
4614,46,52779,2,1,0
4615,37,46791,3,0,0
4616,44,60546,4,1,0
4617,35,51047,3,1,0
4618,21,51540,3,0,0
4619,18,61856,3,0,0
4620,67,78378,0,0,0
4621,18,79180,0,0,0
4622,43,76808,3,0,0
4623,62,67409,6,0,0
4624,37,91708,6,0,0
4625,69,58756,2,0,1
4626,40,56511,5,1,0
4627,27,94878,2,0,0
4628,28,-4519,3,0,0
4629,58,45722,0,0,0
4630,58,75050,2,0,0
4631,22,69605,4,0,0
4632,18,101313,3,0,1
4633,34,52150,6,0,0
4634,39,41384,4,1,0
4635,51,43358,4,1,0
4636,62,56361,5,0,1
4637,58,82433,5,0,0
4638,46,82683,0,1,0
4639,21,48880,4,0,0
4640,22,55060,2,0,0
4641,28,37768,3,1,0
4642,68,39856,5,0,0
4643,38,70925,2,0,0
4644,52,82044,3,0,0
4645,29,36054,2,0,0
4646,43,54859,6,1,0
4647,68,45138,1,0,1
4648,36,67277,2,0,0
4649,62,42230,3,0,1
4650,24,11471,4,1,0
4651,64,70074,1,0,0
4652,24,43930,2,0,0
4653,43,46011,2,1,1
4654,57,58712,2,0,0
4655,22,57057,3,1,0
4656,38,59122,3,0,0
4657,31,17405,0,0,0
4658,21,61126,5,0,0
4659,40,11819,4,1,0
4660,59,65391,4,0,1
4661,37,72368,0,0,0
4662,32,22630,3,1,0
4663,67,56569,4,0,0
4664,69,71144,2,0,0
4665,62,41020,1,1,0
4666,46,63473,2,1,0
4667,25,-5708,4,0,0
4668,58,71964,3,1,0
4669,65,50600,2,1,1
4670,36,44843,2,0,0
4671,65,69681,3,0,0
4672,56,84586,2,0,0
4673,63,59714,3,1,0
4674,45,82174,1,0,0
4675,63,18934,5,0,1
4676,44,63319,1,0,0
4677,21,47360,3,1,0
4678,32,34236,3,0,0
4679,52,11426,2,0,0
4680,54,62236,2,0,0
4681,18,67506,3,0,1
4682,20,76840,4,1,0
4683,64,73530,3,0,0
4684,41,34566,0,0,0
4685,44,75814,2,0,0
4686,57,77927,1,1,0
4687,53,44800,1,0,0
4688,51,50569,3,0,0
4689,46,31317,2,0,0
4690,41,79618,2,0,0
4691,41,19764,3,1,0
4692,59,60699,2,0,0
4693,21,38063,3,0,0
4694,20,27843,3,0,0
4695,51,12505,2,1,0
4696,66,45692,4,1,0
4697,40,24708,2,0,0
4698,69,51128,3,1,0
4699,40,85387,2,0,0
4700,62,53990,2,1,1
4701,22,89946,2,0,0
4702,48,30355,3,0,0
4703,58,24381,3,1,1
4704,23,29460,3,0,0
4705,54,48698,2,1,0
4706,27,104459,3,0,0
4707,57,16758,1,0,0
4708,24,62393,4,0,0
4709,56,36001,4,1,0
4710,55,45524,2,1,0
4711,38,24840,1,0,0
4712,37,67583,3,0,1
4713,20,49121,3,1,0
4714,68,71749,2,0,0
4715,39,53505,4,1,0
4716,64,11368,4,1,1
4717,21,71931,2,1,0
4718,45,9740,4,1,0
4719,29,12602,3,1,0
4720,55,31656,1,0,0
4721,68,31923,4,0,0
4722,53,77920,0,0,0
4723,64,46577,5,1,0
4724,58,74948,1,0,0
4725,22,38642,4,0,0
4726,30,56353,2,0,0
4727,40,59481,1,1,0
4728,67,63921,5,0,1
4729,47,40701,3,1,0
4730,54,42443,2,0,0
4731,42,44037,2,1,0
4732,65,16952,7,1,0
4733,44,48322,4,0,0
4734,68,42326,2,0,1
4735,31,61601,0,0,0
4736,65,51826,2,1,0
4737,64,76728,1,0,0
4738,53,51402,2,0,1
4739,56,38756,3,0,0
4740,33,51154,3,0,0
4741,39,64483,3,0,1
4742,38,14536,4,1,0
4743,38,35695,1,1,0
4744,25,36116,4,1,0
4745,66,58220,4,0,0
4746,33,60546,2,0,0
4747,48,52025,4,0,0
4748,59,427,6,1,0
4749,27,16962,6,0,0
4750,49,45221,2,1,0
4751,51,39971,2,0,0
4752,26,50107,0,1,0
4753,34,40612,3,0,0
4754,28,80633,1,0,0
4755,49,4121,5,1,0
4756,27,56053,5,1,0
4757,39,66560,3,0,0
4758,34,64031,2,1,0
4759,21,65745,3,0,1
4760,65,68622,4,0,0
4761,69,37920,2,1,0
4762,64,27970,3,0,0
4763,42,9306,2,0,1
4764,38,42748,2,0,0
4765,54,34449,1,0,0
4766,55,73232,1,1,0
4767,66,44249,5,0,0
4768,18,29392,2,0,0
4769,42,26229,5,0,0
4770,68,89776,2,1,0
4771,53,49558,1,1,0
4772,34,34370,5,1,0
4773,58,52481,4,0,0
4774,41,87938,3,0,1
4775,19,42206,1,0,0
4776,57,63740,6,1,0
4777,32,73729,2,1,0
4778,49,12172,3,1,0
4779,56,37232,0,0,0
4780,23,71222,3,0,0
4781,18,36014,4,1,0
4782,64,58293,4,0,0
4783,40,34830,4,1,0
4784,56,41089,0,0,1
4785,34,38653,4,0,0
4786,51,62733,5,1,1
4787,58,54032,3,1,0
4788,46,51977,2,1,0
4789,26,100150,3,1,0
4790,30,84794,5,0,0
4791,23,10375,0,0,0
4792,23,41132,4,0,0
4793,37,98529,1,0,0
4794,69,38508,6,1,0
4795,20,91755,3,1,0
4796,34,41473,4,0,0
4797,66,45320,1,0,0
4798,29,67271,4,0,0
4799,65,48196,6,0,0
4800,64,59892,2,0,0
4801,62,81499,6,1,0
4802,18,65176,4,0,0
4803,34,52831,4,0,0
4804,20,83471,3,0,1
4805,43,67534,3,0,0
4806,32,35329,2,1,0
4807,53,89602,3,1,0
4808,49,62847,3,0,0
4809,49,45726,3,0,0
4810,21,9584,2,1,0
4811,35,22448,2,0,0
4812,66,84003,5,0,0
4813,36,84793,1,1,0
4814,60,51706,2,1,0
4815,69,14595,6,1,0
4816,52,28260,4,1,0
4817,57,17525,1,0,0
4818,31,16798,3,1,1
4819,50,90536,3,0,0
4820,31,91198,2,0,0
4821,51,27583,1,1,0
4822,21,49825,4,0,0
4823,41,24304,5,1,0
4824,46,49695,2,0,0
4825,36,82786,1,1,0
4826,23,71574,4,0,0
4827,50,66173,3,0,0
4828,66,46116,5,1,0
4829,57,75239,2,0,0
4830,36,62933,1,1,0
4831,18,58078,2,1,0
4832,22,47692,1,1,0
4833,44,56367,7,1,1
4834,33,55765,2,0,0
4835,23,39171,6,1,1
4836,57,34502,3,0,0
4837,30,30062,1,0,0
4838,65,31343,4,1,0
4839,52,46238,7,1,0
4840,36,42946,0,0,0
4841,29,37585,5,0,0
4842,33,36104,3,1,0
4843,60,55838,5,1,0
4844,27,77552,3,0,0
4845,42,49782,2,1,0
4846,37,48473,3,0,0
4847,48,31302,2,1,1
4848,21,45539,5,1,0
4849,61,73807,3,0,1
4850,40,70749,4,0,0
4851,19,69359,2,0,0
4852,39,68717,1,1,0
4853,68,58735,5,1,0
4854,54,58024,4,0,0
4855,25,54895,5,1,0
4856,24,41662,5,0,0
4857,31,51674,3,0,0
4858,20,54312,5,1,1
4859,67,62663,2,1,1
4860,33,52005,1,0,0
4861,36,92103,3,0,0
4862,68,25804,6,0,0
4863,35,65090,4,1,1
4864,69,49175,1,0,0
4865,33,50043,6,1,0
4866,25,33748,3,1,0
4867,50,70387,2,0,0
4868,66,63057,0,0,0
4869,29,66673,4,1,0
4870,28,53385,1,0,0
4871,22,43502,4,0,0
4872,44,48669,2,1,1
4873,29,58669,6,0,0
4874,34,9888,2,0,0
4875,23,67459,2,0,0
4876,50,98524,6,0,0
4877,22,59607,5,0,0
4878,45,44381,1,0,0
4879,31,46775,4,1,0
4880,22,64151,1,1,0
4881,50,44834,4,0,0
4882,67,67374,3,0,0
4883,65,46517,3,1,0
4884,58,84284,3,1,0
4885,36,83732,1,0,0
4886,39,43397,3,1,0
4887,22,48380,2,0,0
4888,19,49553,3,1,0
4889,47,49821,3,0,0
4890,64,31051,1,1,0
4891,56,28255,3,0,0
4892,21,74995,4,0,0
4893,50,71796,3,0,0
4894,30,71450,4,1,1
4895,37,48612,4,1,0
4896,24,87840,2,1,0
4897,32,49551,2,0,0
4898,40,67258,0,0,0
4899,31,22228,2,1,0
4900,40,45405,4,0,0
4901,36,46884,3,0,0
4902,46,48690,2,0,0
4903,37,23490,6,1,0
4904,46,64078,1,0,0
4905,41,70572,2,0,1
4906,35,35123,6,0,0
4907,27,27053,1,1,0
4908,58,34621,2,0,0
4909,25,59910,5,1,0
4910,43,38068,3,0,0
4911,46,47319,7,0,0
4912,27,28531,2,0,0
4913,34,89586,2,0,0
4914,19,51464,1,1,0
4915,23,72994,0,0,0
4916,22,59863,2,0,0
4917,45,49162,2,0,0
4918,58,48127,4,1,1
4919,22,35495,1,0,0
4920,35,40991,6,0,0
4921,43,29844,3,0,0
4922,37,27663,6,0,1
4923,58,91728,5,1,0
4924,66,55578,1,1,1
4925,44,79314,3,0,0
4926,66,34119,5,0,0
4927,29,24968,1,1,0
4928,24,30444,4,0,0
4929,20,41559,3,0,0
4930,27,50730,1,0,0
4931,51,46981,2,1,0
4932,42,34536,3,0,0
4933,52,51754,2,0,0
4934,33,53508,3,0,0
4935,19,64046,3,0,0
4936,41,79409,3,0,0
4937,27,42722,3,1,0
4938,55,74310,2,1,0
4939,39,51319,1,1,0
4940,43,19454,1,1,0
4941,60,85665,4,0,0
4942,56,95451,2,0,0
4943,44,62382,1,0,0
4944,46,51796,2,1,0
4945,64,44572,4,1,0
4946,55,40721,1,0,0
4947,37,74214,4,0,0
4948,44,49655,3,1,0
4949,58,83479,3,0,0
4950,37,50697,2,1,0
4951,61,41753,1,1,0
4952,36,37974,3,1,0
4953,37,35126,0,0,0
4954,52,60283,2,1,0
4955,64,24110,4,1,0
4956,19,33633,1,1,0
4957,47,76490,0,1,0
4958,51,30909,0,0,0
4959,39,67254,4,1,0
4960,20,8740,1,0,0
4961,23,79002,3,1,0
4962,32,24595,4,1,0
4963,44,32472,1,1,0
4964,27,63607,3,1,0
4965,26,55408,2,1,0
4966,50,67900,3,1,0
4967,49,24435,2,0,0
4968,65,44264,2,0,0
4969,23,37658,2,0,0
4970,58,27796,2,1,0
4971,53,61918,4,0,0
4972,19,68861,3,1,0
4973,46,43263,2,0,0
4974,21,80454,3,0,0
4975,18,34286,4,0,0
4976,36,79969,4,1,0
4977,43,61245,3,1,0
4978,42,25529,5,1,0
4979,27,89630,0,1,0
4980,32,41110,1,1,0
4981,39,74102,2,1,0
4982,68,52913,4,1,0
4983,65,57489,3,0,1
4984,38,68024,4,0,0
4985,39,66917,2,0,0
4986,53,43157,0,1,0
4987,51,60633,1,1,0
4988,47,59132,4,0,1
4989,42,54271,2,0,0
4990,62,45934,3,1,0
4991,45,54231,6,0,0
4992,18,89351,3,1,0
4993,66,44099,2,1,0
4994,62,74132,2,0,0
4995,21,37607,2,1,1
4996,24,32374,5,0,1
4997,66,115528,3,0,1
4998,26,60800,1,1,1
4999,53,61350,5,0,1
5000,36,61905,3,1,0
